candidate_key,comparison,region_id,lon,lat,area_m2,mean_change,min_change,max_change,GUNW_023_HH_median,GUNW_023_HH_mean,GUNW_025_VV_median,GUNW_025_VV_mean,GUNW_026_VV_median,GUNW_026_VV_mean,GUNW_029_HH_median,GUNW_029_HH_mean,HH_023_to_029_change,VV_025_to_026_change,s1_n,s1_mean_db,s1_median_db,s1_min_db,s1_max_db,s1_p25_db,s1_p75_db,s1_pct_le_minus1db,s1_pct_le_minus2db,s1_pct_le_minus3db,gunw_023_context_date,gunw_023_rainfall_day_mm,gunw_023_rainfall_3day_mm,gunw_023_rainfall_7day_mm,gunw_023_rainfall_14day_mm,gunw_023_max_daily_rainfall_14day_mm,gunw_023_wet_days_gt5mm_14day,gunw_025_context_date,gunw_025_rainfall_day_mm,gunw_025_rainfall_3day_mm,gunw_025_rainfall_7day_mm,gunw_025_rainfall_14day_mm,gunw_025_max_daily_rainfall_14day_mm,gunw_025_wet_days_gt5mm_14day,gunw_026_context_date,gunw_026_rainfall_day_mm,gunw_026_rainfall_3day_mm,gunw_026_rainfall_7day_mm,gunw_026_rainfall_14day_mm,gunw_026_max_daily_rainfall_14day_mm,gunw_026_wet_days_gt5mm_14day,gunw_029_context_date,gunw_029_rainfall_day_mm,gunw_029_rainfall_3day_mm,gunw_029_rainfall_7day_mm,gunw_029_rainfall_14day_mm,gunw_029_max_daily_rainfall_14day_mm,gunw_029_wet_days_gt5mm_14day,cmp_knn_k3_mean_distance,cmp_knn_k5_mean_distance,cmp_knn_k8_mean_distance,cmp_knn_k3_percentile,cmp_knn_k5_percentile,cmp_knn_k8_percentile,comparison_aware_anomaly_percentile,comparison_aware_k_score_std,optical_observation_count,optical_valid_observation_count,optical_max_valid_pixels,optical_max_high_aerosol_fraction,optical_min_high_aerosol_fraction,optical_max_water_pixels,optical_tested,optical_status,nisar_signal_role,sentinel1_role,rainfall_role,optical_role
HH_023_to_029_22,HH_023_to_029,22,90.1669106,22.5087995,9200,-0.2956747,-0.54747474,-0.20179284,0.6823581457138062,0.7013282775878906,0.5155460238456726,0.5281758308410645,0.4000645577907562,0.4397584199905395,0.4301230311393738,0.4056535363197326,-0.2522351145744324,-0.1154814660549163,575,0.5549846291542053,0.7031314373016357,-7.143983364105225,6.371836185455322,-1.2687273025512695,2.5820975303649902,27.82608695652174,19.30434782608696,9.565217391304348,2026-07-02,1.8073930848038584,18.92466027599626,25.937018327722456,,16.12448162053782,5,2026-08-31,10.381618789578503,29.070141490512185,45.39761703543667,64.67995907626292,18.58417429620198,5,2026-08-19,1.518043506933424,15.6441127857508,68.99127927886214,139.20850416637344,31.4804791104002,7,2026-09-12,5.835262578200746,13.056935698630676,32.511206868680866,131.93132861140086,42.59894201577027,9,0.2613109398786887,0.3139096531274444,0.3706173512540351,0.0512820512820512,0.0512820512820512,0.0512820512820512,0.0512820512820512,0.0446346641947437,,,,,,,False,not_tested,candidate_pool_radar_signal,independent_radar_crosscheck_and_statistical_anomaly,AOI_level_temporal_environmental_context,verification_attempt_and_data_quality_status
HH_023_to_029_28,HH_023_to_029,28,90.1568007,22.5088386,4000,-0.27935025,-0.39376605,-0.2011227,0.5896499156951904,0.5819493532180786,0.2376268953084945,0.2503631114959717,0.3445353209972381,0.3524278998374939,0.2732323408126831,0.3025990128517151,-0.3164175748825073,0.1069084256887435,250,-0.5015161037445068,0.3721693158149719,-8.236520767211914,4.445623397827148,-1.6900683641433716,1.5424656867980957,31.2,24.8,20.0,2026-07-02,1.8073930848038584,18.92466027599626,25.937018327722456,,16.12448162053782,5,2026-08-31,10.381618789578503,29.070141490512185,45.39761703543667,64.67995907626292,18.58417429620198,5,2026-08-19,1.518043506933424,15.6441127857508,68.99127927886214,139.20850416637344,31.4804791104002,7,2026-09-12,5.835262578200746,13.056935698630676,32.511206868680866,131.93132861140086,42.59894201577027,9,0.650424292133945,0.6810202627084119,0.7056168006932607,0.7846153846153846,0.7384615384615385,0.6615384615384615,0.7282051282051282,0.0225765761042129,,,,,,,False,not_tested,candidate_pool_radar_signal,independent_radar_crosscheck_and_statistical_anomaly,AOI_level_temporal_environmental_context,verification_attempt_and_data_quality_status
HH_023_to_029_30,HH_023_to_029,30,90.1686859,22.5087894,6000,-0.31146324,-0.43404827,-0.20910087,0.5864273309707642,0.5737216472625732,0.363969475030899,0.360855221748352,0.3748334050178528,0.372654378414154,0.2031984627246856,0.2622584700584411,-0.3832288682460785,0.0108639299869537,375,0.5543009638786316,0.481343150138855,-5.505053997039795,8.367513656616211,-1.1371643543243408,2.009030818939209,29.06666666666667,9.333333333333334,3.733333333333334,2026-07-02,1.8073930848038584,18.92466027599626,25.937018327722456,,16.12448162053782,5,2026-08-31,10.381618789578503,29.070141490512185,45.39761703543667,64.67995907626292,18.58417429620198,5,2026-08-19,1.518043506933424,15.6441127857508,68.99127927886214,139.20850416637344,31.4804791104002,7,2026-09-12,5.835262578200746,13.056935698630676,32.511206868680866,131.93132861140086,42.59894201577027,9,0.3105627558030995,0.3708802035897192,0.4271181902911,0.1384615384615384,0.2,0.2102564102564102,0.1829059829059829,0.0475932709580798,,,,,,,False,not_tested,candidate_pool_radar_signal,independent_radar_crosscheck_and_statistical_anomaly,AOI_level_temporal_environmental_context,verification_attempt_and_data_quality_status
HH_023_to_029_32,HH_023_to_029,32,90.176477,22.5086731,12400,-0.32181627,-0.49910235,-0.20952418,0.5678002238273621,0.5645864009857178,0.2810235023498535,0.2962761521339416,0.2928709983825683,0.3041625916957855,0.2574609220027923,0.242770254611969,-0.3103393018245697,0.0118474960327148,775,0.1973528712987899,0.1234827116131782,-10.905732154846191,9.118350982666016,-1.787076711654663,2.3028926849365234,32.12903225806451,23.483870967741936,16.387096774193548,2026-07-02,1.8073930848038584,18.92466027599626,25.937018327722456,,16.12448162053782,5,2026-08-31,10.381618789578503,29.070141490512185,45.39761703543667,64.67995907626292,18.58417429620198,5,2026-08-19,1.518043506933424,15.6441127857508,68.99127927886214,139.20850416637344,31.4804791104002,7,2026-09-12,5.835262578200746,13.056935698630676,32.511206868680866,131.93132861140086,42.59894201577027,9,0.6471219070490989,0.7280658994927918,0.8595780457539395,0.7794871794871795,0.8,0.8102564102564103,0.7965811965811967,0.0875499764580897,,,,,,,False,not_tested,candidate_pool_radar_signal,independent_radar_crosscheck_and_statistical_anomaly,AOI_level_temporal_environmental_context,verification_attempt_and_data_quality_status
HH_023_to_029_45,HH_023_to_029,45,90.2043415,22.5092983,4800,-0.264753,-0.36418542,-0.20931888,0.4354035854339599,0.4386337697505951,0.2132482677698135,0.2143116146326065,0.218959704041481,0.2011138647794723,0.1698968708515167,0.1738807559013366,-0.2655067145824432,0.0057114362716674,300,-0.7727906107902527,-0.8772270679473877,-11.126558303833008,6.154172897338867,-1.9160585403442385,0.8314467072486877,47.333333333333336,23.666666666666668,15.0,2026-07-02,1.8073930848038584,18.92466027599626,25.937018327722456,,16.12448162053782,5,2026-08-31,10.381618789578503,29.070141490512185,45.39761703543667,64.67995907626292,18.58417429620198,5,2026-08-19,1.518043506933424,15.6441127857508,68.99127927886214,139.20850416637344,31.4804791104002,7,2026-09-12,5.835262578200746,13.056935698630676,32.511206868680866,131.93132861140086,42.59894201577027,9,0.5052707109786112,0.550557638267278,0.6248611707898543,0.5897435897435898,0.5487179487179488,0.5384615384615384,0.5589743589743589,0.0492993112487916,,,,,,,False,not_tested,candidate_pool_radar_signal,independent_radar_crosscheck_and_statistical_anomaly,AOI_level_temporal_environmental_context,verification_attempt_and_data_quality_status
HH_023_to_029_49,HH_023_to_029,49,90.218802,22.5097053,4000,-0.29487163,-0.4151908,-0.2040858,0.5544295310974121,0.5681970715522766,0.3154388666152954,0.301486998796463,0.271048367023468,0.3185454607009887,0.281017929315567,0.2733253836631775,-0.2734116017818451,-0.0443904995918273,250,0.0445781238377094,0.1072940826416015,-4.280985832214356,5.6825785636901855,-1.939209580421448,1.4960622787475586,35.6,22.0,2.8000000000000003,2026-07-02,1.8073930848038584,18.92466027599626,25.937018327722456,,16.12448162053782,5,2026-08-31,10.381618789578503,29.070141490512185,45.39761703543667,64.67995907626292,18.58417429620198,5,2026-08-19,1.518043506933424,15.6441127857508,68.99127927886214,139.20850416637344,31.4804791104002,7,2026-09-12,5.835262578200746,13.056935698630676,32.511206868680866,131.93132861140086,42.59894201577027,9,0.3139552920128823,0.3471828108509807,0.3965509889887954,0.1538461538461538,0.1282051282051282,0.1282051282051282,0.1367521367521367,0.0339334875237493,,,,,,,False,not_tested,candidate_pool_radar_signal,independent_radar_crosscheck_and_statistical_anomaly,AOI_level_temporal_environmental_context,verification_attempt_and_data_quality_status
HH_023_to_029_53,HH_023_to_029,53,90.1616915,22.5084431,5200,-0.29826486,-0.3963899,-0.23432389,0.5828549861907959,0.5655262470245361,0.2559234797954559,0.2592309713363647,0.3230281770229339,0.3175603747367859,0.2788123786449432,0.2672613561153412,-0.3040426075458526,0.067104697227478,325,-0.0806526094675064,-0.6715005040168762,-11.627962112426758,9.95526885986328,-2.8328394889831543,2.670816421508789,48.0,36.0,23.07692307692308,2026-07-02,1.8073930848038584,18.92466027599626,25.937018327722456,,16.12448162053782,5,2026-08-31,10.381618789578503,29.070141490512185,45.39761703543667,64.67995907626292,18.58417429620198,5,2026-08-19,1.518043506933424,15.6441127857508,68.99127927886214,139.20850416637344,31.4804791104002,7,2026-09-12,5.835262578200746,13.056935698630676,32.511206868680866,131.93132861140086,42.59894201577027,9,0.91560124941321,1.033122475614215,1.1678208818535871,0.9230769230769232,0.917948717948718,0.9128205128205128,0.917948717948718,0.1030478002566305,,,,,,,False,not_tested,candidate_pool_radar_signal,independent_radar_crosscheck_and_statistical_anomaly,AOI_level_temporal_environmental_context,verification_attempt_and_data_quality_status
HH_023_to_029_86,HH_023_to_029,86,90.186467,22.5082456,4400,-0.2945431,-0.42596343,-0.20194982,0.5525985956192017,0.5603914856910706,0.2015236914157867,0.2578785717487335,0.5267306566238403,0.4605617821216583,0.2579644322395324,0.2658483684062958,-0.2946341633796692,0.3252069652080536,275,-1.3626476526260376,-1.042738676071167,-9.541004180908203,5.872475624084473,-3.0615038871765137,0.2077310979366302,51.27272727272727,36.0,25.818181818181817,2026-07-02,1.8073930848038584,18.92466027599626,25.937018327722456,,16.12448162053782,5,2026-08-31,10.381618789578503,29.070141490512185,45.39761703543667,64.67995907626292,18.58417429620198,5,2026-08-19,1.518043506933424,15.6441127857508,68.99127927886214,139.20850416637344,31.4804791104002,7,2026-09-12,5.835262578200746,13.056935698630676,32.511206868680866,131.93132861140086,42.59894201577027,9,0.47770562900206,0.525321418604849,0.5732805556027962,0.5282051282051282,0.5230769230769231,0.482051282051282,0.5111111111111112,0.0390183843218966,,,,,,,False,not_tested,candidate_pool_radar_signal,independent_radar_crosscheck_and_statistical_anomaly,AOI_level_temporal_environmental_context,verification_attempt_and_data_quality_status
HH_023_to_029_107,HH_023_to_029,107,90.1812771,22.5074579,6000,-0.3436105,-0.5069212,-0.21962476,0.5284121036529541,0.517375111579895,0.3070451319217682,0.3394526541233063,0.2577133178710937,0.2663381993770599,0.1581653207540512,0.173764631152153,-0.3702467828989029,-0.0493318140506744,375,0.3370509445667267,0.3810850977897644,-6.638885021209717,6.126763820648193,-1.4888032674789429,1.9367609024047847,30.933333333333334,19.73333333333333,10.933333333333334,2026-07-02,1.8073930848038584,18.92466027599626,25.937018327722456,,16.12448162053782,5,2026-08-31,10.381618789578503,29.070141490512185,45.39761703543667,64.67995907626292,18.58417429620198,5,2026-08-19,1.518043506933424,15.6441127857508,68.99127927886214,139.20850416637344,31.4804791104002,7,2026-09-12,5.835262578200746,13.056935698630676,32.511206868680866,131.93132861140086,42.59894201577027,9,0.238968057368659,0.2895855965852361,0.3446053524512144,0.0256410256410256,0.0256410256410256,0.0256410256410256,0.0256410256410256,0.0431387257374423,,,,,,,False,not_tested,candidate_pool_radar_signal,independent_radar_crosscheck_and_statistical_anomaly,AOI_level_temporal_environmental_context,verification_attempt_and_data_quality_status
HH_023_to_029_109,HH_023_to_029,109,90.2053519,22.5077663,16000,-0.31531873,-0.5195894,-0.20138153,0.501456618309021,0.5212177038192749,0.2056719362735748,0.2229792773723602,0.2191618680953979,0.2128278315067291,0.2044675201177597,0.2058990746736526,-0.2969890981912613,0.0134899318218231,1000,0.0534457080066204,0.0107281235978007,-7.957492828369141,6.588336944580078,-1.9437042474746704,2.242460489273072,36.7,24.4,13.8,2026-07-02,1.8073930848038584,18.92466027599626,25.937018327722456,,16.12448162053782,5,2026-08-31,10.381618789578503,29.070141490512185,45.39761703543667,64.67995907626292,18.58417429620198,5,2026-08-19,1.518043506933424,15.6441127857508,68.99127927886214,139.20850416637344,31.4804791104002,7,2026-09-12,5.835262578200746,13.056935698630676,32.511206868680866,131.93132861140086,42.59894201577027,9,0.4109887228182547,0.4293973404320695,0.4495851571897256,0.4051282051282051,0.3230769230769231,0.241025641025641,0.3230769230769231,0.0157625078873312,,,,,,,False,not_tested,candidate_pool_radar_signal,independent_radar_crosscheck_and_statistical_anomaly,AOI_level_temporal_environmental_context,verification_attempt_and_data_quality_status
HH_023_to_029_125,HH_023_to_029,125,90.1688461,22.5070504,4400,-0.3328055,-0.55648065,-0.23451853,0.4889257550239563,0.5128553509712219,0.2339318245649337,0.2145106941461563,0.2127581685781479,0.2280647158622741,0.1936367452144622,0.1800498515367508,-0.295289009809494,-0.0211736559867858,275,-1.084999442100525,-1.868826389312744,-5.523664474487305,7.558589935302734,-3.1979126930236816,0.499123752117157,63.63636363636363,49.09090909090909,29.818181818181817,2026-07-02,1.8073930848038584,18.92466027599626,25.937018327722456,,16.12448162053782,5,2026-08-31,10.381618789578503,29.070141490512185,45.39761703543667,64.67995907626292,18.58417429620198,5,2026-08-19,1.518043506933424,15.6441127857508,68.99127927886214,139.20850416637344,31.4804791104002,7,2026-09-12,5.835262578200746,13.056935698630676,32.511206868680866,131.93132861140086,42.59894201577027,9,0.6130513264030744,0.7132661697530993,0.8295107193129313,0.7435897435897436,0.7846153846153846,0.7897435897435897,0.7726495726495726,0.088449909810231,,,,,,,False,not_tested,candidate_pool_radar_signal,independent_radar_crosscheck_and_statistical_anomaly,AOI_level_temporal_environmental_context,verification_attempt_and_data_quality_status
HH_023_to_029_167,HH_023_to_029,167,90.164763,22.5061629,4000,-0.28814346,-0.39250302,-0.20999625,0.5960484743118286,0.5882750749588013,0.2228074669837951,0.2475515902042389,0.3381181955337524,0.333054780960083,0.2979485690593719,0.3001316785812378,-0.2980999052524566,0.1153107285499572,250,-4.938875675201416,-3.8508901596069336,-20.17854690551757,2.612679004669189,-7.005180358886719,-2.172574520111084,86.4,76.0,60.0,2026-07-02,1.8073930848038584,18.92466027599626,25.937018327722456,,16.12448162053782,5,2026-08-31,10.381618789578503,29.070141490512185,45.39761703543667,64.67995907626292,18.58417429620198,5,2026-08-19,1.518043506933424,15.6441127857508,68.99127927886214,139.20850416637344,31.4804791104002,7,2026-09-12,5.835262578200746,13.056935698630676,32.511206868680866,131.93132861140086,42.59894201577027,9,1.9315234104292296,2.1044671366433234,2.239179361978154,0.9794871794871794,0.9794871794871794,0.9846153846153848,0.9811965811965812,0.1259228602557717,,,,,,,False,not_tested,candidate_pool_radar_signal,independent_radar_crosscheck_and_statistical_anomaly,AOI_level_temporal_environmental_context,verification_attempt_and_data_quality_status
HH_023_to_029_175,HH_023_to_029,175,90.1586041,22.5060001,4800,-0.29180196,-0.3765499,-0.20930052,0.5185203552246094,0.5436292290687561,0.4074363112449646,0.3860040605068207,0.4242498278617859,0.4164484739303589,0.2216774523258209,0.2518272697925567,-0.2968429028987884,0.0168135166168212,300,-0.5506213307380676,-0.6500247120857239,-6.60506534576416,5.899694442749023,-1.9984478950500488,0.8161885738372803,40.66666666666666,25.0,12.333333333333334,2026-07-02,1.8073930848038584,18.92466027599626,25.937018327722456,,16.12448162053782,5,2026-08-31,10.381618789578503,29.070141490512185,45.39761703543667,64.67995907626292,18.58417429620198,5,2026-08-19,1.518043506933424,15.6441127857508,68.99127927886214,139.20850416637344,31.4804791104002,7,2026-09-12,5.835262578200746,13.056935698630676,32.511206868680866,131.93132861140086,42.59894201577027,9,0.3203757558951146,0.3667482901465577,0.4057210610805921,0.1743589743589743,0.1794871794871795,0.1538461538461538,0.1692307692307692,0.0348857021402756,,,,,,,False,not_tested,candidate_pool_radar_signal,independent_radar_crosscheck_and_statistical_anomaly,AOI_level_temporal_environmental_context,verification_attempt_and_data_quality_status
HH_023_to_029_185,HH_023_to_029,185,90.1550589,22.5057484,8400,-0.31891373,-0.57622886,-0.21723062,0.5417927503585815,0.553128719329834,0.2721286714076996,0.2758844792842865,0.3114689886569977,0.3332573473453522,0.2396509647369384,0.2342149913311004,-0.302141785621643,0.039340317249298,525,-1.2399386167526243,-1.0904549360275269,-10.440587043762209,6.410014152526856,-2.9087352752685547,0.6915802359580994,51.04761904761905,32.57142857142858,24.38095238095238,2026-07-02,1.8073930848038584,18.92466027599626,25.937018327722456,,16.12448162053782,5,2026-08-31,10.381618789578503,29.070141490512185,45.39761703543667,64.67995907626292,18.58417429620198,5,2026-08-19,1.518043506933424,15.6441127857508,68.99127927886214,139.20850416637344,31.4804791104002,7,2026-09-12,5.835262578200746,13.056935698630676,32.511206868680866,131.93132861140086,42.59894201577027,9,0.5074700743626475,0.5537073734350546,0.6343333302667982,0.5948717948717949,0.558974358974359,0.5487179487179488,0.5675213675213675,0.0524221310762156,,,,,,,False,not_tested,candidate_pool_radar_signal,independent_radar_crosscheck_and_statistical_anomaly,AOI_level_temporal_environmental_context,verification_attempt_and_data_quality_status
HH_023_to_029_186,HH_023_to_029,186,90.1629971,22.5055812,8000,-0.2807445,-0.40084225,-0.21392816,0.5837504863739014,0.5900818705558777,0.2773542404174804,0.3078129291534424,0.3740044832229614,0.3882281482219696,0.3000051081180572,0.3093373477458954,-0.2837453782558441,0.0966502428054809,500,-1.1262264251708984,-1.525341272354126,-6.861622333526611,8.438251495361328,-2.846381664276123,0.1739726811647415,59.6,42.6,22.2,2026-07-02,1.8073930848038584,18.92466027599626,25.937018327722456,,16.12448162053782,5,2026-08-31,10.381618789578503,29.070141490512185,45.39761703543667,64.67995907626292,18.58417429620198,5,2026-08-19,1.518043506933424,15.6441127857508,68.99127927886214,139.20850416637344,31.4804791104002,7,2026-09-12,5.835262578200746,13.056935698630676,32.511206868680866,131.93132861140086,42.59894201577027,9,0.4249742760057349,0.5226165140992036,0.6557233661898073,0.4512820512820513,0.5128205128205128,0.5743589743589743,0.5128205128205128,0.0945730660237238,,,,,,,False,not_tested,candidate_pool_radar_signal,independent_radar_crosscheck_and_statistical_anomaly,AOI_level_temporal_environmental_context,verification_attempt_and_data_quality_status
HH_023_to_029_188,HH_023_to_029,188,90.1662475,22.5055933,8400,-0.3179445,-0.56900764,-0.20206738,0.5603159666061401,0.5538536310195923,0.2270854711532592,0.2483001202344894,0.3029606938362121,0.308953583240509,0.2241188883781433,0.2359091490507125,-0.3361970782279968,0.0758752226829528,525,-5.360429763793945,-5.094924449920654,-15.804698944091797,1.217437505722046,-7.836962699890137,-2.5481886863708496,88.38095238095238,80.95238095238095,72.19047619047619,2026-07-02,1.8073930848038584,18.92466027599626,25.937018327722456,,16.12448162053782,5,2026-08-31,10.381618789578503,29.070141490512185,45.39761703543667,64.67995907626292,18.58417429620198,5,2026-08-19,1.518043506933424,15.6441127857508,68.99127927886214,139.20850416637344,31.4804791104002,7,2026-09-12,5.835262578200746,13.056935698630676,32.511206868680866,131.93132861140086,42.59894201577027,9,1.3493798333052174,1.7180216219802886,2.0618023279989792,0.964102564102564,0.9692307692307692,0.9692307692307692,0.9675213675213676,0.2909042899370376,2.0,0.0,0.0,1.0,0.7520661157024794,0.0,True,tested_but_inconclusive_no_valid_pixels,candidate_pool_radar_signal,independent_radar_crosscheck_and_statistical_anomaly,AOI_level_temporal_environmental_context,verification_attempt_and_data_quality_status
HH_023_to_029_200,HH_023_to_029,200,90.1789003,22.5059797,4400,-0.26298323,-0.36063048,-0.20575333,0.6949797868728638,0.6226412653923035,0.237086609005928,0.2314095497131347,0.3018445074558258,0.3266586363315582,0.4433931708335876,0.3596580028533935,-0.2515866160392761,0.0647578984498977,275,0.1271600574254989,-0.1223898828029632,-4.565475463867188,5.379033088684082,-1.202615737915039,1.6074974536895752,29.09090909090909,12.727272727272728,7.636363636363637,2026-07-02,1.8073930848038584,18.92466027599626,25.937018327722456,,16.12448162053782,5,2026-08-31,10.381618789578503,29.070141490512185,45.39761703543667,64.67995907626292,18.58417429620198,5,2026-08-19,1.518043506933424,15.6441127857508,68.99127927886214,139.20850416637344,31.4804791104002,7,2026-09-12,5.835262578200746,13.056935698630676,32.511206868680866,131.93132861140086,42.59894201577027,9,0.3551023966968936,0.3871334852378988,0.4111222189398888,0.2564102564102564,0.2307692307692307,0.1743589743589743,0.2205128205128205,0.0229484215431124,,,,,,,False,not_tested,candidate_pool_radar_signal,independent_radar_crosscheck_and_statistical_anomaly,AOI_level_temporal_environmental_context,verification_attempt_and_data_quality_status
HH_023_to_029_217,HH_023_to_029,217,90.2132106,22.5061355,5200,-0.26093075,-0.36126846,-0.2104547,0.5840595364570618,0.5942679047584534,0.337282657623291,0.3273151814937591,0.371074229478836,0.3665605187416076,0.2875744104385376,0.3333371877670288,-0.2964851260185241,0.033791571855545,325,1.1482691764831543,1.4529656171798706,-5.1023149490356445,7.372040748596191,-0.7916342616081238,2.921025514602661,23.07692307692308,10.76923076923077,4.615384615384616,2026-07-02,1.8073930848038584,18.92466027599626,25.937018327722456,,16.12448162053782,5,2026-08-31,10.381618789578503,29.070141490512185,45.39761703543667,64.67995907626292,18.58417429620198,5,2026-08-19,1.518043506933424,15.6441127857508,68.99127927886214,139.20850416637344,31.4804791104002,7,2026-09-12,5.835262578200746,13.056935698630676,32.511206868680866,131.93132861140086,42.59894201577027,9,0.3585416576626571,0.375794628729748,0.4070406454935764,0.2666666666666666,0.2102564102564102,0.1589743589743589,0.2119658119658119,0.0200724531935657,,,,,,,False,not_tested,candidate_pool_radar_signal,independent_radar_crosscheck_and_statistical_anomaly,AOI_level_temporal_environmental_context,verification_attempt_and_data_quality_status
HH_023_to_029_224,HH_023_to_029,224,90.2040889,22.5062164,5600,-0.2935324,-0.48771507,-0.20214117,0.5138936042785645,0.5112362504005432,0.1856174170970916,0.1842764616012573,0.2644854485988617,0.2602007091045379,0.2155902683734893,0.2177038937807083,-0.2983033359050751,0.07886803150177,350,-2.7750449180603027,-2.718303680419922,-7.505241394042969,3.180537462234497,-4.227869987487793,-1.3678021430969238,83.71428571428572,63.71428571428572,45.14285714285714,2026-07-02,1.8073930848038584,18.92466027599626,25.937018327722456,,16.12448162053782,5,2026-08-31,10.381618789578503,29.070141490512185,45.39761703543667,64.67995907626292,18.58417429620198,5,2026-08-19,1.518043506933424,15.6441127857508,68.99127927886214,139.20850416637344,31.4804791104002,7,2026-09-12,5.835262578200746,13.056935698630676,32.511206868680866,131.93132861140086,42.59894201577027,9,1.3791989823688706,1.4243223003004633,1.472861213061831,0.9692307692307692,0.958974358974359,0.9435897435897436,0.9572649572649572,0.0382459196539572,,,,,,,False,not_tested,candidate_pool_radar_signal,independent_radar_crosscheck_and_statistical_anomaly,AOI_level_temporal_environmental_context,verification_attempt_and_data_quality_status
HH_023_to_029_233,HH_023_to_029,233,90.2029275,22.5055429,7200,-0.2762442,-0.40365806,-0.20535073,0.4764940738677978,0.4859550297260284,0.2985678315162658,0.2853131592273712,0.2441959381103515,0.2595111429691314,0.1932838559150695,0.2097108662128448,-0.2832102179527282,-0.0543718934059143,450,-0.4207396805286407,-0.4506468474864959,-10.210838317871094,7.301924228668213,-1.9970113039016724,1.2198959589004517,40.0,25.11111111111111,13.77777777777778,2026-07-02,1.8073930848038584,18.92466027599626,25.937018327722456,,16.12448162053782,5,2026-08-31,10.381618789578503,29.070141490512185,45.39761703543667,64.67995907626292,18.58417429620198,5,2026-08-19,1.518043506933424,15.6441127857508,68.99127927886214,139.20850416637344,31.4804791104002,7,2026-09-12,5.835262578200746,13.056935698630676,32.511206868680866,131.93132861140086,42.59894201577027,9,0.6582330403045945,0.6766618244253648,0.7176043774638768,0.8102564102564103,0.7333333333333333,0.6923076923076923,0.7452991452991453,0.0248123365587956,,,,,,,False,not_tested,candidate_pool_radar_signal,independent_radar_crosscheck_and_statistical_anomaly,AOI_level_temporal_environmental_context,verification_attempt_and_data_quality_status
HH_023_to_029_235,HH_023_to_029,235,90.2181726,22.5053217,18400,-0.33934373,-0.5983775,-0.20189926,0.5960437059402466,0.5915713906288147,0.3107861280441284,0.3096251785755157,0.2470043748617172,0.2468723058700561,0.2494390457868576,0.2522275745868683,-0.346604660153389,-0.0637817531824112,1145,0.7159439921379089,0.8927801251411438,-7.262807369232178,7.46556282043457,-1.4324603080749512,2.987080812454224,28.471615720524017,20.26200873362445,12.05240174672489,2026-07-02,1.8073930848038584,18.92466027599626,25.937018327722456,,16.12448162053782,5,2026-08-31,10.381618789578503,29.070141490512185,45.39761703543667,64.67995907626292,18.58417429620198,5,2026-08-19,1.518043506933424,15.6441127857508,68.99127927886214,139.20850416637344,31.4804791104002,7,2026-09-12,5.835262578200746,13.056935698630676,32.511206868680866,131.93132861140086,42.59894201577027,9,0.3750694099826357,0.4088783763739528,0.4469254503467245,0.3025641025641025,0.2615384615384615,0.2307692307692307,0.2649572649572649,0.029352108732015,,,,,,,False,not_tested,candidate_pool_radar_signal,independent_radar_crosscheck_and_statistical_anomaly,AOI_level_temporal_environmental_context,verification_attempt_and_data_quality_status
HH_023_to_029_246,HH_023_to_029,246,90.1515533,22.5042809,7200,-0.3442923,-0.47544175,-0.2077547,0.5975152254104614,0.608715295791626,0.316494882106781,0.33535897731781,0.3541305661201477,0.3844550848007202,0.2740597724914551,0.2644229829311371,-0.3234554529190063,0.0376356840133667,450,-5.102292060852051,-6.266297340393066,-15.668298721313477,5.712562561035156,-8.001946449279785,-1.993695378303528,80.22222222222221,74.66666666666667,70.44444444444444,2026-07-02,1.8073930848038584,18.92466027599626,25.937018327722456,,16.12448162053782,5,2026-08-31,10.381618789578503,29.070141490512185,45.39761703543667,64.67995907626292,18.58417429620198,5,2026-08-19,1.518043506933424,15.6441127857508,68.99127927886214,139.20850416637344,31.4804791104002,7,2026-09-12,5.835262578200746,13.056935698630676,32.511206868680866,131.93132861140086,42.59894201577027,9,1.7313454228655252,1.9258639071829933,2.08537190969349,0.9743589743589745,0.9743589743589745,0.9743589743589745,0.9743589743589745,0.1447660937059062,2.0,0.0,0.0,1.0,0.8842975206611571,0.0,True,tested_but_inconclusive_no_valid_pixels,candidate_pool_radar_signal,independent_radar_crosscheck_and_statistical_anomaly,AOI_level_temporal_environmental_context,verification_attempt_and_data_quality_status
HH_023_to_029_250,HH_023_to_029,250,90.1680281,22.5051553,4000,-0.30130425,-0.5091536,-0.20204383,0.5313615202903748,0.5090615153312683,0.2899966835975647,0.3034566044807434,0.1598830968141555,0.1783397048711776,0.1888623833656311,0.2077573239803314,-0.3424991369247436,-0.1301135867834091,250,-0.0706217810511589,-0.2647612988948822,-7.1988205909729,6.3919219970703125,-1.3164894580841064,1.2972252368927002,31.6,20.0,8.4,2026-07-02,1.8073930848038584,18.92466027599626,25.937018327722456,,16.12448162053782,5,2026-08-31,10.381618789578503,29.070141490512185,45.39761703543667,64.67995907626292,18.58417429620198,5,2026-08-19,1.518043506933424,15.6441127857508,68.99127927886214,139.20850416637344,31.4804791104002,7,2026-09-12,5.835262578200746,13.056935698630676,32.511206868680866,131.93132861140086,42.59894201577027,9,0.2617933178747504,0.343546161213617,0.4036257575439408,0.0564102564102564,0.1076923076923077,0.1487179487179487,0.1042735042735042,0.0581277579816107,,,,,,,False,not_tested,candidate_pool_radar_signal,independent_radar_crosscheck_and_statistical_anomaly,AOI_level_temporal_environmental_context,verification_attempt_and_data_quality_status
HH_023_to_029_265,HH_023_to_029,265,90.2193002,22.5057964,5200,-0.3154619,-0.45220292,-0.21245381,0.6176549792289734,0.6188307404518127,0.440586507320404,0.4319434463977813,0.3718464076519012,0.3429897129535675,0.2741252481937408,0.303368866443634,-0.3435297310352325,-0.0687400996685028,325,-5.888225078582764,-6.784132957458496,-13.665271759033203,8.233678817749023,-10.235280990600586,-3.2328202724456787,81.23076923076923,78.46153846153847,75.6923076923077,2026-07-02,1.8073930848038584,18.92466027599626,25.937018327722456,,16.12448162053782,5,2026-08-31,10.381618789578503,29.070141490512185,45.39761703543667,64.67995907626292,18.58417429620198,5,2026-08-19,1.518043506933424,15.6441127857508,68.99127927886214,139.20850416637344,31.4804791104002,7,2026-09-12,5.835262578200746,13.056935698630676,32.511206868680866,131.93132861140086,42.59894201577027,9,2.2775293757945345,2.495440181404609,2.786822673714981,1.0,1.0,1.0,1.0,0.2086380543038643,2.0,0.0,0.0,1.0,0.71900826446281,0.0,True,tested_but_inconclusive_no_valid_pixels,candidate_pool_radar_signal,independent_radar_crosscheck_and_statistical_anomaly,AOI_level_temporal_environmental_context,verification_attempt_and_data_quality_status
HH_023_to_029_294,HH_023_to_029,294,90.1781375,22.5044691,5200,-0.35614893,-0.6260821,-0.20068146,0.6140573024749756,0.5939393639564514,0.3261884152889251,0.328147143125534,0.3415110111236572,0.3247580230236053,0.2125540077686309,0.2377904057502746,-0.4015032947063446,0.015322595834732,325,0.67033851146698,0.9716353416442872,-9.611207962036133,9.213525772094728,-1.5531467199325562,3.275607109069824,30.76923076923077,21.846153846153847,12.923076923076923,2026-07-02,1.8073930848038584,18.92466027599626,25.937018327722456,,16.12448162053782,5,2026-08-31,10.381618789578503,29.070141490512185,45.39761703543667,64.67995907626292,18.58417429620198,5,2026-08-19,1.518043506933424,15.6441127857508,68.99127927886214,139.20850416637344,31.4804791104002,7,2026-09-12,5.835262578200746,13.056935698630676,32.511206868680866,131.93132861140086,42.59894201577027,9,0.6375340373997226,0.7000273207052744,0.7575479861295504,0.764102564102564,0.7487179487179487,0.7384615384615385,0.7504273504273504,0.0490095062194686,,,,,,,False,not_tested,candidate_pool_radar_signal,independent_radar_crosscheck_and_statistical_anomaly,AOI_level_temporal_environmental_context,verification_attempt_and_data_quality_status
HH_023_to_029_296,HH_023_to_029,296,90.1965035,22.5039642,19600,-0.30314806,-0.48182678,-0.20124754,0.627459704875946,0.6178386807441711,0.2017904371023178,0.1960276067256927,0.4153965711593628,0.4437933564186096,0.3190852999687195,0.3146906793117523,-0.3083744049072265,0.2136061340570449,1225,-6.092573642730713,-4.002299785614014,-19.77579498291016,7.239642143249512,-13.724526405334473,0.5013314485549927,66.20408163265306,60.0,54.285714285714285,2026-07-02,1.8073930848038584,18.92466027599626,25.937018327722456,,16.12448162053782,5,2026-08-31,10.381618789578503,29.070141490512185,45.39761703543667,64.67995907626292,18.58417429620198,5,2026-08-19,1.518043506933424,15.6441127857508,68.99127927886214,139.20850416637344,31.4804791104002,7,2026-09-12,5.835262578200746,13.056935698630676,32.511206868680866,131.93132861140086,42.59894201577027,9,2.04260301199401,2.1462927130834384,2.2931372762412185,0.9897435897435898,0.9897435897435898,0.9897435897435898,0.9897435897435898,0.102784725088088,,,,,,,False,not_tested,candidate_pool_radar_signal,independent_radar_crosscheck_and_statistical_anomaly,AOI_level_temporal_environmental_context,verification_attempt_and_data_quality_status
HH_023_to_029_300,HH_023_to_029,300,90.2162528,22.5049314,6400,-0.27920067,-0.41763848,-0.21464583,0.5798712372779846,0.5857991576194763,0.2766733467578888,0.3233980238437652,0.3575520515441894,0.3748071789741516,0.2975131273269653,0.3065984845161438,-0.2823581099510193,0.0808787047863006,400,1.595173478126526,1.5534439086914062,-5.944210052490234,10.39306640625,-0.6154597997665405,3.65810751914978,20.5,12.0,7.5,2026-07-02,1.8073930848038584,18.92466027599626,25.937018327722456,,16.12448162053782,5,2026-08-31,10.381618789578503,29.070141490512185,45.39761703543667,64.67995907626292,18.58417429620198,5,2026-08-19,1.518043506933424,15.6441127857508,68.99127927886214,139.20850416637344,31.4804791104002,7,2026-09-12,5.835262578200746,13.056935698630676,32.511206868680866,131.93132861140086,42.59894201577027,9,0.5481692659057327,0.6395680548648824,0.7669366068250527,0.6461538461538462,0.6820512820512821,0.7487179487179487,0.6923076923076924,0.0897128976882116,,,,,,,False,not_tested,candidate_pool_radar_signal,independent_radar_crosscheck_and_statistical_anomaly,AOI_level_temporal_environmental_context,verification_attempt_and_data_quality_status
HH_023_to_029_305,HH_023_to_029,305,90.1590704,22.5036905,10000,-0.33699086,-0.49090108,-0.20729794,0.6437584161758423,0.6366611123085022,0.2880911529064178,0.2812184393405914,0.3925380706787109,0.3840758502483368,0.3103072345256805,0.2996703088283539,-0.3334511816501617,0.104446917772293,625,0.1735180616378784,0.2411683052778244,-8.35635757446289,7.383186817169189,-1.578143835067749,2.1380808353424072,34.56,22.24,15.36,2026-07-02,1.8073930848038584,18.92466027599626,25.937018327722456,,16.12448162053782,5,2026-08-31,10.381618789578503,29.070141490512185,45.39761703543667,64.67995907626292,18.58417429620198,5,2026-08-19,1.518043506933424,15.6441127857508,68.99127927886214,139.20850416637344,31.4804791104002,7,2026-09-12,5.835262578200746,13.056935698630676,32.511206868680866,131.93132861140086,42.59894201577027,9,0.356579034551856,0.4375412344280253,0.5128872347115041,0.2615384615384615,0.3487179487179487,0.3846153846153846,0.3316239316239316,0.0638262842101341,,,,,,,False,not_tested,candidate_pool_radar_signal,independent_radar_crosscheck_and_statistical_anomaly,AOI_level_temporal_environmental_context,verification_attempt_and_data_quality_status
HH_023_to_029_310,HH_023_to_029,310,90.1828304,22.5043138,4000,-0.28415295,-0.35401145,-0.21844971,0.5278667211532593,0.5700052380561829,0.2593684792518616,0.2743070125579834,0.1916471719741821,0.2500327825546264,0.2975704073905945,0.2858522534370422,-0.2302963137626648,-0.0677213072776794,250,1.5759562253952026,1.8530616760253904,-5.014825344085693,6.687570095062256,-0.6707834601402283,3.7715909481048575,21.2,13.6,7.199999999999999,2026-07-02,1.8073930848038584,18.92466027599626,25.937018327722456,,16.12448162053782,5,2026-08-31,10.381618789578503,29.070141490512185,45.39761703543667,64.67995907626292,18.58417429620198,5,2026-08-19,1.518043506933424,15.6441127857508,68.99127927886214,139.20850416637344,31.4804791104002,7,2026-09-12,5.835262578200746,13.056935698630676,32.511206868680866,131.93132861140086,42.59894201577027,9,0.4189742593518923,0.4576774680377783,0.5223944339046296,0.4307692307692308,0.4051282051282051,0.3948717948717948,0.4102564102564103,0.0426640058260318,,,,,,,False,not_tested,candidate_pool_radar_signal,independent_radar_crosscheck_and_statistical_anomaly,AOI_level_temporal_environmental_context,verification_attempt_and_data_quality_status
HH_023_to_029_342,HH_023_to_029,342,90.1800791,22.5030263,9200,-0.27775413,-0.49065673,-0.21203828,0.5344315767288208,0.5370301008224487,0.3551464080810547,0.3570830821990967,0.353611022233963,0.3638401329517364,0.252525120973587,0.2592759430408478,-0.2819064557552337,-0.0015353858470916,575,1.244072437286377,1.2712682485580444,-3.278104782104492,6.38507890701294,-0.3238449692726135,2.648188829421997,14.43478260869565,1.7391304347826086,0.1739130434782608,2026-07-02,1.8073930848038584,18.92466027599626,25.937018327722456,,16.12448162053782,5,2026-08-31,10.381618789578503,29.070141490512185,45.39761703543667,64.67995907626292,18.58417429620198,5,2026-08-19,1.518043506933424,15.6441127857508,68.99127927886214,139.20850416637344,31.4804791104002,7,2026-09-12,5.835262578200746,13.056935698630676,32.511206868680866,131.93132861140086,42.59894201577027,9,0.4047929581647146,0.4283142894858113,0.4584132734753973,0.3846153846153846,0.3128205128205128,0.2615384615384615,0.3196581196581196,0.0219452350645347,,,,,,,False,not_tested,candidate_pool_radar_signal,independent_radar_crosscheck_and_statistical_anomaly,AOI_level_temporal_environmental_context,verification_attempt_and_data_quality_status
HH_023_to_029_346,HH_023_to_029,346,90.1935762,22.5037114,5200,-0.28972325,-0.36174607,-0.2099173,0.5872258543968201,0.5839819312095642,0.2031657844781875,0.2193339467048645,0.3772440552711487,0.3768772482872009,0.2706370949745178,0.2942587435245514,-0.3165887594223022,0.1740782707929611,325,-1.3505932092666626,-1.7483949661254885,-8.497735977172852,5.410876750946045,-2.825889587402344,0.0130791030824184,58.76923076923077,41.23076923076923,24.307692307692307,2026-07-02,1.8073930848038584,18.92466027599626,25.937018327722456,,16.12448162053782,5,2026-08-31,10.381618789578503,29.070141490512185,45.39761703543667,64.67995907626292,18.58417429620198,5,2026-08-19,1.518043506933424,15.6441127857508,68.99127927886214,139.20850416637344,31.4804791104002,7,2026-09-12,5.835262578200746,13.056935698630676,32.511206868680866,131.93132861140086,42.59894201577027,9,0.4700925925834876,0.5246453665888696,0.5945015425497292,0.5076923076923077,0.517948717948718,0.4974358974358974,0.5076923076923077,0.0509176648055571,,,,,,,False,not_tested,candidate_pool_radar_signal,independent_radar_crosscheck_and_statistical_anomaly,AOI_level_temporal_environmental_context,verification_attempt_and_data_quality_status
HH_023_to_029_362,HH_023_to_029,362,90.1786081,22.5030304,6000,-0.30693,-0.48721772,-0.20579481,0.5517867803573608,0.5550315976142883,0.2834868431091308,0.2843489646911621,0.3875443935394287,0.4038212895393371,0.2464195489883422,0.2481015473604202,-0.3053672313690185,0.1040575504302978,375,-1.808538794517517,-1.907029747962952,-9.768643379211426,7.316234588623047,-3.66618013381958,-0.2939089238643646,64.53333333333333,48.0,34.66666666666667,2026-07-02,1.8073930848038584,18.92466027599626,25.937018327722456,,16.12448162053782,5,2026-08-31,10.381618789578503,29.070141490512185,45.39761703543667,64.67995907626292,18.58417429620198,5,2026-08-19,1.518043506933424,15.6441127857508,68.99127927886214,139.20850416637344,31.4804791104002,7,2026-09-12,5.835262578200746,13.056935698630676,32.511206868680866,131.93132861140086,42.59894201577027,9,0.5315735996071925,0.5945995030754567,0.6976014332501708,0.6256410256410256,0.6205128205128205,0.6564102564102564,0.6341880341880342,0.068432370241549,,,,,,,False,not_tested,candidate_pool_radar_signal,independent_radar_crosscheck_and_statistical_anomaly,AOI_level_temporal_environmental_context,verification_attempt_and_data_quality_status
HH_023_to_029_370,HH_023_to_029,370,90.1562913,22.5019768,19600,-0.30521268,-0.48947254,-0.20181641,0.6026186347007751,0.6162234544754028,0.2623053789138794,0.2638227641582489,0.3207846283912658,0.3271626532077789,0.3129602074623108,0.3110107779502868,-0.2896584272384643,0.0584792494773864,1225,0.8774363994598389,0.7676981687545776,-6.014456272125244,8.183309555053711,-0.7358641028404236,2.401841878890991,22.12244897959184,9.63265306122449,3.1020408163265305,2026-07-02,1.8073930848038584,18.92466027599626,25.937018327722456,,16.12448162053782,5,2026-08-31,10.381618789578503,29.070141490512185,45.39761703543667,64.67995907626292,18.58417429620198,5,2026-08-19,1.518043506933424,15.6441127857508,68.99127927886214,139.20850416637344,31.4804791104002,7,2026-09-12,5.835262578200746,13.056935698630676,32.511206868680866,131.93132861140086,42.59894201577027,9,0.2467603920213794,0.3035581273244151,0.3687932170678072,0.0358974358974358,0.0307692307692307,0.0461538461538461,0.0376068376068376,0.0498593689604339,,,,,,,False,not_tested,candidate_pool_radar_signal,independent_radar_crosscheck_and_statistical_anomaly,AOI_level_temporal_environmental_context,verification_attempt_and_data_quality_status
HH_023_to_029_374,HH_023_to_029,374,90.1706414,22.5027642,4000,-0.28862956,-0.4722939,-0.20411476,0.6228129267692566,0.608859121799469,0.2121935486793518,0.2637397050857544,0.5355541110038757,0.544847309589386,0.3377046585083008,0.3202295899391174,-0.2851082682609558,0.3233605623245239,250,0.8372142910957336,1.406333565711975,-5.031130313873291,4.696143627166748,-0.0081584937870502,2.708357334136963,20.4,16.400000000000002,12.4,2026-07-02,1.8073930848038584,18.92466027599626,25.937018327722456,,16.12448162053782,5,2026-08-31,10.381618789578503,29.070141490512185,45.39761703543667,64.67995907626292,18.58417429620198,5,2026-08-19,1.518043506933424,15.6441127857508,68.99127927886214,139.20850416637344,31.4804791104002,7,2026-09-12,5.835262578200746,13.056935698630676,32.511206868680866,131.93132861140086,42.59894201577027,9,0.6073746348839438,0.6475732492565419,0.6903229373320006,0.7282051282051282,0.7076923076923077,0.6512820512820513,0.6957264957264958,0.0338688406569948,,,,,,,False,not_tested,candidate_pool_radar_signal,independent_radar_crosscheck_and_statistical_anomaly,AOI_level_temporal_environmental_context,verification_attempt_and_data_quality_status
HH_023_to_029_388,HH_023_to_029,388,90.1508104,22.5021504,6400,-0.29056424,-0.5038748,-0.20478794,0.5850865244865417,0.5719606876373291,0.3631452918052673,0.3737944066524505,0.3568767011165619,0.361770361661911,0.2806152403354645,0.2813964784145355,-0.3044712841510772,-0.0062685906887054,390,0.7026554346084595,0.5908510088920593,-5.515807151794434,10.270451545715332,-0.8133774995803833,2.180746555328369,22.30769230769231,8.974358974358974,3.8461538461538463,2026-07-02,1.8073930848038584,18.92466027599626,25.937018327722456,,16.12448162053782,5,2026-08-31,10.381618789578503,29.070141490512185,45.39761703543667,64.67995907626292,18.58417429620198,5,2026-08-19,1.518043506933424,15.6441127857508,68.99127927886214,139.20850416637344,31.4804791104002,7,2026-09-12,5.835262578200746,13.056935698630676,32.511206868680866,131.93132861140086,42.59894201577027,9,0.615735764668567,0.6733807986280342,0.8019961233681328,0.7487179487179487,0.7282051282051282,0.7692307692307693,0.7487179487179487,0.0778586846087762,,,,,,,False,not_tested,candidate_pool_radar_signal,independent_radar_crosscheck_and_statistical_anomaly,AOI_level_temporal_environmental_context,verification_attempt_and_data_quality_status
HH_023_to_029_389,HH_023_to_029,389,90.1526745,22.5022398,4800,-0.31617385,-0.42516088,-0.20630044,0.6246365308761597,0.6261966824531555,0.3282724618911743,0.3072375357151031,0.4374241828918457,0.4310966730117798,0.3048232495784759,0.3100228905677795,-0.3198132812976837,0.1091517210006713,300,0.3424248397350311,0.695231556892395,-7.064165115356445,5.632811069488525,-1.7249075174331665,2.882624864578247,29.0,22.33333333333333,18.33333333333333,2026-07-02,1.8073930848038584,18.92466027599626,25.937018327722456,,16.12448162053782,5,2026-08-31,10.381618789578503,29.070141490512185,45.39761703543667,64.67995907626292,18.58417429620198,5,2026-08-19,1.518043506933424,15.6441127857508,68.99127927886214,139.20850416637344,31.4804791104002,7,2026-09-12,5.835262578200746,13.056935698630676,32.511206868680866,131.93132861140086,42.59894201577027,9,0.4908627163040129,0.5135076994797853,0.5451894038031931,0.5487179487179488,0.4666666666666667,0.4256410256410256,0.4803418803418803,0.0222808204180198,,,,,,,False,not_tested,candidate_pool_radar_signal,independent_radar_crosscheck_and_statistical_anomaly,AOI_level_temporal_environmental_context,verification_attempt_and_data_quality_status
HH_023_to_029_393,HH_023_to_029,393,90.1814727,22.5023988,6800,-0.30445117,-0.49125957,-0.20188874,0.5750619769096375,0.5653623342514038,0.307856023311615,0.3341554403305053,0.3073075413703918,0.3109398484230041,0.23275887966156,0.2609111368656158,-0.3423030972480774,-0.0005484819412231,425,1.0261011123657229,0.8379944562911987,-3.97778844833374,5.73575496673584,-0.3018868267536163,2.393970251083374,14.588235294117649,5.647058823529412,1.1764705882352942,2026-07-02,1.8073930848038584,18.92466027599626,25.937018327722456,,16.12448162053782,5,2026-08-31,10.381618789578503,29.070141490512185,45.39761703543667,64.67995907626292,18.58417429620198,5,2026-08-19,1.518043506933424,15.6441127857508,68.99127927886214,139.20850416637344,31.4804791104002,7,2026-09-12,5.835262578200746,13.056935698630676,32.511206868680866,131.93132861140086,42.59894201577027,9,0.2660039700037176,0.3237034733612151,0.3817015514696161,0.0615384615384615,0.0717948717948717,0.0717948717948717,0.0683760683760683,0.0472333922712267,,,,,,,False,not_tested,candidate_pool_radar_signal,independent_radar_crosscheck_and_statistical_anomaly,AOI_level_temporal_environmental_context,verification_attempt_and_data_quality_status
HH_023_to_029_398,HH_023_to_029,398,90.1582508,22.5019021,4800,-0.32433298,-0.5333519,-0.20920604,0.6036694049835205,0.6086163520812988,0.3284502625465393,0.3526372015476227,0.4755218625068664,0.4564552307128906,0.2782356739044189,0.2842833697795868,-0.3254337310791015,0.1470715999603271,300,0.516843318939209,0.5556197166442871,-6.59513521194458,8.306589126586914,-0.8585036993026733,1.6182379722595217,24.0,10.666666666666668,6.333333333333334,2026-07-02,1.8073930848038584,18.92466027599626,25.937018327722456,,16.12448162053782,5,2026-08-31,10.381618789578503,29.070141490512185,45.39761703543667,64.67995907626292,18.58417429620198,5,2026-08-19,1.518043506933424,15.6441127857508,68.99127927886214,139.20850416637344,31.4804791104002,7,2026-09-12,5.835262578200746,13.056935698630676,32.511206868680866,131.93132861140086,42.59894201577027,9,0.2145894028932389,0.2730737760686254,0.3751643023764984,0.0102564102564102,0.0102564102564102,0.0615384615384615,0.0273504273504273,0.0663552692470155,,,,,,,False,not_tested,candidate_pool_radar_signal,independent_radar_crosscheck_and_statistical_anomaly,AOI_level_temporal_environmental_context,verification_attempt_and_data_quality_status
HH_023_to_029_402,HH_023_to_029,402,90.1981687,22.502558,4400,-0.24938741,-0.31349832,-0.20045665,0.4310678839683532,0.4381587207317352,0.3314747810363769,0.3415221273899078,0.3942022919654846,0.367346853017807,0.1918864101171493,0.1887712627649307,-0.2391814738512039,0.0627275109291076,275,-0.4954342842102051,-0.8489997386932373,-6.751155376434326,8.67817211151123,-2.7259349822998047,1.7157397270202637,47.63636363636364,31.27272727272728,22.181818181818183,2026-07-02,1.8073930848038584,18.92466027599626,25.937018327722456,,16.12448162053782,5,2026-08-31,10.381618789578503,29.070141490512185,45.39761703543667,64.67995907626292,18.58417429620198,5,2026-08-19,1.518043506933424,15.6441127857508,68.99127927886214,139.20850416637344,31.4804791104002,7,2026-09-12,5.835262578200746,13.056935698630676,32.511206868680866,131.93132861140086,42.59894201577027,9,0.4237128580300811,0.5885440811576284,0.7138706896991975,0.441025641025641,0.6051282051282051,0.6820512820512821,0.576068376068376,0.1188218359118569,,,,,,,False,not_tested,candidate_pool_radar_signal,independent_radar_crosscheck_and_statistical_anomaly,AOI_level_temporal_environmental_context,verification_attempt_and_data_quality_status
HH_023_to_029_432,HH_023_to_029,432,90.1619613,22.5017569,4800,-0.28528386,-0.40088102,-0.20231588,0.464226484298706,0.505589485168457,0.3339759111404419,0.3188644647598266,0.3501958549022674,0.3207055032253265,0.2083013951778412,0.2203056067228317,-0.2559250891208648,0.0162199437618255,300,-1.4111238718032837,-1.1577625274658203,-7.683772563934326,3.657881021499634,-2.952428340911865,0.4608648717403412,53.0,37.333333333333336,25.0,2026-07-02,1.8073930848038584,18.92466027599626,25.937018327722456,,16.12448162053782,5,2026-08-31,10.381618789578503,29.070141490512185,45.39761703543667,64.67995907626292,18.58417429620198,5,2026-08-19,1.518043506933424,15.6441127857508,68.99127927886214,139.20850416637344,31.4804791104002,7,2026-09-12,5.835262578200746,13.056935698630676,32.511206868680866,131.93132861140086,42.59894201577027,9,0.4996680051122411,0.5905637650739118,0.6706048514958187,0.5743589743589743,0.6102564102564103,0.6051282051282051,0.5965811965811966,0.0698315593618527,,,,,,,False,not_tested,candidate_pool_radar_signal,independent_radar_crosscheck_and_statistical_anomaly,AOI_level_temporal_environmental_context,verification_attempt_and_data_quality_status
HH_023_to_029_478,HH_023_to_029,478,90.1545898,22.4993345,25600,-0.2911474,-0.5305618,-0.2005302,0.5766341090202332,0.5739877223968506,0.3550787568092346,0.3571916818618774,0.3564602732658386,0.3666805028915405,0.2835832834243774,0.2828402519226074,-0.2930508255958557,0.001381516456604,1600,-0.6919257640838623,-0.373748242855072,-18.87372398376465,9.23316478729248,-2.583376884460449,1.7208305597305298,41.9375,30.4375,21.25,2026-07-02,1.8073930848038584,18.92466027599626,25.937018327722456,,16.12448162053782,5,2026-08-31,10.381618789578503,29.070141490512185,45.39761703543667,64.67995907626292,18.58417429620198,5,2026-08-19,1.518043506933424,15.6441127857508,68.99127927886214,139.20850416637344,31.4804791104002,7,2026-09-12,5.835262578200746,13.056935698630676,32.511206868680866,131.93132861140086,42.59894201577027,9,2.0589692435307136,2.1461734027781576,2.227887857554093,0.9948717948717948,0.9846153846153848,0.9794871794871794,0.9863247863247864,0.0689728736315642,,,,,,,False,not_tested,candidate_pool_radar_signal,independent_radar_crosscheck_and_statistical_anomaly,AOI_level_temporal_environmental_context,verification_attempt_and_data_quality_status
HH_023_to_029_480,HH_023_to_029,480,90.1723173,22.5009222,6000,-0.30368865,-0.52411765,-0.20392129,0.5218541622161865,0.5404539704322815,0.3114005029201507,0.353615939617157,0.2599800527095794,0.2782558500766754,0.2133311033248901,0.2367651760578155,-0.3085230588912964,-0.0514204502105712,375,-0.4539516270160675,-0.2631796300411224,-8.617557525634766,5.221220016479492,-2.202910900115967,1.5098743438720703,38.4,27.200000000000003,16.0,2026-07-02,1.8073930848038584,18.92466027599626,25.937018327722456,,16.12448162053782,5,2026-08-31,10.381618789578503,29.070141490512185,45.39761703543667,64.67995907626292,18.58417429620198,5,2026-08-19,1.518043506933424,15.6441127857508,68.99127927886214,139.20850416637344,31.4804791104002,7,2026-09-12,5.835262578200746,13.056935698630676,32.511206868680866,131.93132861140086,42.59894201577027,9,0.4145164644509291,0.4312442250727529,0.4922636808376237,0.4205128205128205,0.3333333333333333,0.3641025641025641,0.3726495726495726,0.0334129409612862,,,,,,,False,not_tested,candidate_pool_radar_signal,independent_radar_crosscheck_and_statistical_anomaly,AOI_level_temporal_environmental_context,verification_attempt_and_data_quality_status
HH_023_to_029_488,HH_023_to_029,488,90.1594935,22.5004474,5200,-0.29233804,-0.42921367,-0.20003083,0.5907313823699951,0.5823821425437927,0.3498884737491607,0.3308283686637878,0.4632033109664917,0.4601058661937713,0.2534313797950744,0.2900440692901611,-0.3373000025749206,0.1133148372173309,325,0.866705596446991,0.2149260640144348,-7.463374614715576,10.46518898010254,-1.7722922563552856,3.3421084880828857,30.76923076923077,21.846153846153847,16.307692307692307,2026-07-02,1.8073930848038584,18.92466027599626,25.937018327722456,,16.12448162053782,5,2026-08-31,10.381618789578503,29.070141490512185,45.39761703543667,64.67995907626292,18.58417429620198,5,2026-08-19,1.518043506933424,15.6441127857508,68.99127927886214,139.20850416637344,31.4804791104002,7,2026-09-12,5.835262578200746,13.056935698630676,32.511206868680866,131.93132861140086,42.59894201577027,9,0.6418503568059185,0.7799222265727422,0.8944236042490734,0.7692307692307693,0.8358974358974359,0.8307692307692308,0.8119658119658121,0.1032621539979492,,,,,,,False,not_tested,candidate_pool_radar_signal,independent_radar_crosscheck_and_statistical_anomaly,AOI_level_temporal_environmental_context,verification_attempt_and_data_quality_status
HH_023_to_029_495,HH_023_to_029,495,90.2159962,22.5013723,8400,-0.31869796,-0.51331806,-0.20967779,0.580146312713623,0.602191686630249,0.2465833574533462,0.2631960213184356,0.3450257778167724,0.3477597832679748,0.2954291701316833,0.2834937274456024,-0.2847171425819397,0.0984424203634262,525,-3.0168275833129883,-2.4572503566741943,-11.271090507507324,6.348404407501221,-7.103962421417236,0.6840468645095825,57.52380952380952,52.0,48.0,2026-07-02,1.8073930848038584,18.92466027599626,25.937018327722456,,16.12448162053782,5,2026-08-31,10.381618789578503,29.070141490512185,45.39761703543667,64.67995907626292,18.58417429620198,5,2026-08-19,1.518043506933424,15.6441127857508,68.99127927886214,139.20850416637344,31.4804791104002,7,2026-09-12,5.835262578200746,13.056935698630676,32.511206868680866,131.93132861140086,42.59894201577027,9,0.6831955647928071,0.7284562475272293,0.8116025767851434,0.8358974358974359,0.8153846153846154,0.7794871794871795,0.8102564102564102,0.0531770650222772,,,,,,,False,not_tested,candidate_pool_radar_signal,independent_radar_crosscheck_and_statistical_anomaly,AOI_level_temporal_environmental_context,verification_attempt_and_data_quality_status
HH_023_to_029_508,HH_023_to_029,508,90.2120705,22.5011304,5200,-0.37567884,-0.59167355,-0.2650462,0.641619086265564,0.6307633519172668,0.3459274768829345,0.3141175806522369,0.3614628314971924,0.377299964427948,0.2356262356042862,0.2550845742225647,-0.4059928506612777,0.0155353546142578,325,-0.1695330291986465,-0.1378924697637558,-5.580229759216309,5.489568710327148,-1.880889654159546,1.3556970357894895,32.92307692307692,24.0,13.538461538461538,2026-07-02,1.8073930848038584,18.92466027599626,25.937018327722456,,16.12448162053782,5,2026-08-31,10.381618789578503,29.070141490512185,45.39761703543667,64.67995907626292,18.58417429620198,5,2026-08-19,1.518043506933424,15.6441127857508,68.99127927886214,139.20850416637344,31.4804791104002,7,2026-09-12,5.835262578200746,13.056935698630676,32.511206868680866,131.93132861140086,42.59894201577027,9,0.3231347068608929,0.3717462722334194,0.4122815993901239,0.1948717948717948,0.2051282051282051,0.1794871794871795,0.1931623931623931,0.0364438159413252,,,,,,,False,not_tested,candidate_pool_radar_signal,independent_radar_crosscheck_and_statistical_anomaly,AOI_level_temporal_environmental_context,verification_attempt_and_data_quality_status
HH_023_to_029_556,HH_023_to_029,556,90.1656137,22.4992639,4400,-0.2763108,-0.3634099,-0.21335036,0.4519585371017456,0.4878090023994446,0.3049579262733459,0.3255841434001922,0.3793661296367645,0.3894942998886108,0.1987379789352417,0.2114982157945633,-0.2532205581665039,0.0744082033634185,275,0.0321451090276241,-0.1399309635162353,-4.888285160064697,4.614931583404541,-1.0605274438858032,1.3588552474975586,28.363636363636363,11.272727272727272,5.454545454545454,2026-07-02,1.8073930848038584,18.92466027599626,25.937018327722456,,16.12448162053782,5,2026-08-31,10.381618789578503,29.070141490512185,45.39761703543667,64.67995907626292,18.58417429620198,5,2026-08-19,1.518043506933424,15.6441127857508,68.99127927886214,139.20850416637344,31.4804791104002,7,2026-09-12,5.835262578200746,13.056935698630676,32.511206868680866,131.93132861140086,42.59894201577027,9,0.402447651909968,0.4487633814997626,0.5071585792035165,0.358974358974359,0.3743589743589743,0.3743589743589743,0.3692307692307692,0.0428427670765378,,,,,,,False,not_tested,candidate_pool_radar_signal,independent_radar_crosscheck_and_statistical_anomaly,AOI_level_temporal_environmental_context,verification_attempt_and_data_quality_status
HH_023_to_029_557,HH_023_to_029,557,90.1696419,22.4993708,4000,-0.31929922,-0.56821406,-0.22632778,0.7306224703788757,0.7270329594612122,0.4019577801227569,0.3659374713897705,0.3429945111274719,0.3431335091590881,0.4292078614234924,0.407733678817749,-0.3014146089553833,-0.058963268995285,250,0.404209554195404,0.4819534122943878,-7.317154884338379,6.190688133239746,-1.2701029777526855,2.158170700073242,28.000000000000004,17.599999999999998,10.0,2026-07-02,1.8073930848038584,18.92466027599626,25.937018327722456,,16.12448162053782,5,2026-08-31,10.381618789578503,29.070141490512185,45.39761703543667,64.67995907626292,18.58417429620198,5,2026-08-19,1.518043506933424,15.6441127857508,68.99127927886214,139.20850416637344,31.4804791104002,7,2026-09-12,5.835262578200746,13.056935698630676,32.511206868680866,131.93132861140086,42.59894201577027,9,0.2303190531753015,0.2851137807574901,0.3444419734475439,0.0205128205128205,0.0205128205128205,0.0205128205128205,0.0205128205128205,0.0466027390112295,,,,,,,False,not_tested,candidate_pool_radar_signal,independent_radar_crosscheck_and_statistical_anomaly,AOI_level_temporal_environmental_context,verification_attempt_and_data_quality_status
HH_023_to_029_562,HH_023_to_029,562,90.2147481,22.4999408,5600,-0.2714463,-0.40912753,-0.20439056,0.4028228521347046,0.4257509708404541,0.2954990267753601,0.3028852641582489,0.2277349829673767,0.2317091524600982,0.143640324473381,0.1543046683073043,-0.2591825276613235,-0.0677640438079834,350,0.1169652119278907,0.3064645528793335,-6.793541431427002,6.125462532043457,-1.774327039718628,2.194598913192749,34.0,23.142857142857142,14.285714285714285,2026-07-02,1.8073930848038584,18.92466027599626,25.937018327722456,,16.12448162053782,5,2026-08-31,10.381618789578503,29.070141490512185,45.39761703543667,64.67995907626292,18.58417429620198,5,2026-08-19,1.518043506933424,15.6441127857508,68.99127927886214,139.20850416637344,31.4804791104002,7,2026-09-12,5.835262578200746,13.056935698630676,32.511206868680866,131.93132861140086,42.59894201577027,9,0.3104071650155024,0.3623676403201469,0.3964978394059418,0.1333333333333333,0.1692307692307692,0.123076923076923,0.1418803418803419,0.0353967445152818,,,,,,,False,not_tested,candidate_pool_radar_signal,independent_radar_crosscheck_and_statistical_anomaly,AOI_level_temporal_environmental_context,verification_attempt_and_data_quality_status
HH_023_to_029_579,HH_023_to_029,579,90.1668833,22.4987672,6400,-0.29103798,-0.51379853,-0.21329063,0.5803109407424927,0.5710505247116089,0.2885249853134155,0.2936980724334717,0.3823893070220947,0.3774791955947876,0.2794163227081299,0.2800125479698181,-0.3008946180343628,0.0938643217086792,400,-0.4393392205238342,0.0496383644640445,-8.258684158325195,5.793235778808594,-1.966931819915772,1.4487011432647705,37.5,24.75,18.0,2026-07-02,1.8073930848038584,18.92466027599626,25.937018327722456,,16.12448162053782,5,2026-08-31,10.381618789578503,29.070141490512185,45.39761703543667,64.67995907626292,18.58417429620198,5,2026-08-19,1.518043506933424,15.6441127857508,68.99127927886214,139.20850416637344,31.4804791104002,7,2026-09-12,5.835262578200746,13.056935698630676,32.511206868680866,131.93132861140086,42.59894201577027,9,0.4461903743726415,0.4681507547061814,0.4898847300271499,0.4717948717948718,0.4205128205128205,0.3384615384615385,0.4102564102564103,0.0178382258201901,,,,,,,False,not_tested,candidate_pool_radar_signal,independent_radar_crosscheck_and_statistical_anomaly,AOI_level_temporal_environmental_context,verification_attempt_and_data_quality_status
HH_023_to_029_580,HH_023_to_029,580,90.1757119,22.4989503,10000,-0.33089912,-0.45316517,-0.2065058,0.6106066703796387,0.6231988668441772,0.3808241486549377,0.3710188567638397,0.3279774188995361,0.3552222549915313,0.294293612241745,0.292299747467041,-0.3163130581378937,-0.0528467297554016,625,-0.0851079747080802,0.0751357451081276,-6.953306674957275,5.15927267074585,-1.9024183750152588,1.442682862281799,35.68,24.16,11.84,2026-07-02,1.8073930848038584,18.92466027599626,25.937018327722456,,16.12448162053782,5,2026-08-31,10.381618789578503,29.070141490512185,45.39761703543667,64.67995907626292,18.58417429620198,5,2026-08-19,1.518043506933424,15.6441127857508,68.99127927886214,139.20850416637344,31.4804791104002,7,2026-09-12,5.835262578200746,13.056935698630676,32.511206868680866,131.93132861140086,42.59894201577027,9,0.3227499689756836,0.385943061372565,0.4425915399440517,0.1897435897435897,0.2256410256410256,0.2256410256410256,0.2136752136752136,0.0489494287599302,,,,,,,False,not_tested,candidate_pool_radar_signal,independent_radar_crosscheck_and_statistical_anomaly,AOI_level_temporal_environmental_context,verification_attempt_and_data_quality_status
HH_023_to_029_605,HH_023_to_029,605,90.1829146,22.4988315,5200,-0.26273033,-0.39779705,-0.21136501,0.5872811675071716,0.5762506723403931,0.2733814716339111,0.2607245147228241,0.3809284269809723,0.3513575792312622,0.3042758703231811,0.3135202825069427,-0.2830052971839905,0.1075469553470611,325,0.6801226139068604,1.071892023086548,-6.806933879852295,6.204231262207031,-1.1900453567504885,3.0229032039642334,27.692307692307693,19.692307692307693,12.615384615384617,2026-07-02,1.8073930848038584,18.92466027599626,25.937018327722456,,16.12448162053782,5,2026-08-31,10.381618789578503,29.070141490512185,45.39761703543667,64.67995907626292,18.58417429620198,5,2026-08-19,1.518043506933424,15.6441127857508,68.99127927886214,139.20850416637344,31.4804791104002,7,2026-09-12,5.835262578200746,13.056935698630676,32.511206868680866,131.93132861140086,42.59894201577027,9,0.3715351998063977,0.3935606507512975,0.4373470557262715,0.2871794871794871,0.2358974358974359,0.2205128205128205,0.2478632478632478,0.0273527778999112,,,,,,,False,not_tested,candidate_pool_radar_signal,independent_radar_crosscheck_and_statistical_anomaly,AOI_level_temporal_environmental_context,verification_attempt_and_data_quality_status
HH_023_to_029_608,HH_023_to_029,608,90.2138264,22.4992722,5200,-0.25850797,-0.34346956,-0.20654589,0.4513066112995147,0.4572688639163971,0.274255633354187,0.2438484728336334,0.2568708062171936,0.2535301744937897,0.2111070603132248,0.1987609565258026,-0.2401995509862899,-0.0173848271369934,325,-2.862173795700073,-3.506811618804932,-9.186506271362305,6.525031089782715,-5.544576644897461,-0.5065464973449707,70.76923076923077,62.15384615384615,55.38461538461539,2026-07-02,1.8073930848038584,18.92466027599626,25.937018327722456,,16.12448162053782,5,2026-08-31,10.381618789578503,29.070141490512185,45.39761703543667,64.67995907626292,18.58417429620198,5,2026-08-19,1.518043506933424,15.6441127857508,68.99127927886214,139.20850416637344,31.4804791104002,7,2026-09-12,5.835262578200746,13.056935698630676,32.511206868680866,131.93132861140086,42.59894201577027,9,0.863018362212694,1.0242412695959442,1.228086036510435,0.9128205128205128,0.9128205128205128,0.917948717948718,0.9145299145299144,0.1493764527333142,,,,,,,False,not_tested,candidate_pool_radar_signal,independent_radar_crosscheck_and_statistical_anomaly,AOI_level_temporal_environmental_context,verification_attempt_and_data_quality_status
HH_023_to_029_619,HH_023_to_029,619,90.1567248,22.497447,20400,-0.31730622,-0.5772485,-0.20060903,0.6676310300827026,0.6425603032112122,0.384412407875061,0.3786952793598175,0.4121773838996887,0.4374832510948181,0.3099590241909027,0.3252540230751037,-0.3576720058917999,0.0277649760246276,1275,-0.4228436648845672,-0.0998839661478996,-11.402386665344238,6.456491947174072,-1.934813380241394,1.5649808645248413,37.01960784313725,24.23529411764705,16.705882352941178,2026-07-02,1.8073930848038584,18.92466027599626,25.937018327722456,,16.12448162053782,5,2026-08-31,10.381618789578503,29.070141490512185,45.39761703543667,64.67995907626292,18.58417429620198,5,2026-08-19,1.518043506933424,15.6441127857508,68.99127927886214,139.20850416637344,31.4804791104002,7,2026-09-12,5.835262578200746,13.056935698630676,32.511206868680866,131.93132861140086,42.59894201577027,9,0.4951102946374366,0.5602139301589867,0.6229174312580048,0.5641025641025641,0.5641025641025641,0.5333333333333333,0.5538461538461538,0.0521801117704032,,,,,,,False,not_tested,candidate_pool_radar_signal,independent_radar_crosscheck_and_statistical_anomaly,AOI_level_temporal_environmental_context,verification_attempt_and_data_quality_status
HH_023_to_029_623,HH_023_to_029,623,90.1771166,22.4972125,23200,-0.31372812,-0.57101464,-0.20021555,0.5875089168548584,0.5925880074501038,0.2563345730304718,0.2600194811820984,0.3778022229671478,0.377712070941925,0.2820306420326233,0.278859794139862,-0.3054782748222351,0.121467649936676,1450,0.0814297348260879,0.0551619380712509,-11.158136367797852,9.850818634033203,-1.767703890800476,1.849185824394226,34.06896551724138,22.06896551724138,12.551724137931034,2026-07-02,1.8073930848038584,18.92466027599626,25.937018327722456,,16.12448162053782,5,2026-08-31,10.381618789578503,29.070141490512185,45.39761703543667,64.67995907626292,18.58417429620198,5,2026-08-19,1.518043506933424,15.6441127857508,68.99127927886214,139.20850416637344,31.4804791104002,7,2026-09-12,5.835262578200746,13.056935698630676,32.511206868680866,131.93132861140086,42.59894201577027,9,0.6805490041234655,0.8127554885830784,0.947902177045523,0.8307692307692308,0.8461538461538461,0.8666666666666667,0.8478632478632478,0.1091486758748138,,,,,,,False,not_tested,candidate_pool_radar_signal,independent_radar_crosscheck_and_statistical_anomaly,AOI_level_temporal_environmental_context,verification_attempt_and_data_quality_status
HH_023_to_029_624,HH_023_to_029,624,90.1808003,22.4984473,5200,-0.31409824,-0.5427209,-0.20179653,0.570902407169342,0.5697746872901917,0.4133172035217285,0.3656814694404602,0.2502487897872925,0.2563119530677795,0.2384638041257858,0.2556763887405395,-0.3324386030435562,-0.163068413734436,325,0.0275989584624767,0.2391054630279541,-5.212953090667725,4.4027485847473145,-1.4098997116088867,1.657036066055298,31.07692307692308,20.923076923076923,13.230769230769232,2026-07-02,1.8073930848038584,18.92466027599626,25.937018327722456,,16.12448162053782,5,2026-08-31,10.381618789578503,29.070141490512185,45.39761703543667,64.67995907626292,18.58417429620198,5,2026-08-19,1.518043506933424,15.6441127857508,68.99127927886214,139.20850416637344,31.4804791104002,7,2026-09-12,5.835262578200746,13.056935698630676,32.511206868680866,131.93132861140086,42.59894201577027,9,0.3841927416784685,0.454886750069952,0.5279412708237246,0.3282051282051282,0.3897435897435897,0.4051282051282051,0.3743589743589743,0.0586877286590675,,,,,,,False,not_tested,candidate_pool_radar_signal,independent_radar_crosscheck_and_statistical_anomaly,AOI_level_temporal_environmental_context,verification_attempt_and_data_quality_status
HH_023_to_029_626,HH_023_to_029,626,90.1883716,22.4987931,4400,-0.25528118,-0.31926557,-0.20890078,0.5548480153083801,0.5540784597396851,0.279166042804718,0.2974690496921539,0.4169476330280304,0.3957442045211792,0.3029424548149109,0.2987973392009735,-0.2519055604934692,0.1377815902233123,275,0.9137943983078004,0.8772768974304199,-5.019893169403076,5.440423488616943,-0.7051833271980286,2.760216474533081,18.181818181818183,8.363636363636363,4.363636363636364,2026-07-02,1.8073930848038584,18.92466027599626,25.937018327722456,,16.12448162053782,5,2026-08-31,10.381618789578503,29.070141490512185,45.39761703543667,64.67995907626292,18.58417429620198,5,2026-08-19,1.518043506933424,15.6441127857508,68.99127927886214,139.20850416637344,31.4804791104002,7,2026-09-12,5.835262578200746,13.056935698630676,32.511206868680866,131.93132861140086,42.59894201577027,9,0.2800848815703715,0.3441458961281466,0.4126195348857752,0.0974358974358974,0.1128205128205128,0.1846153846153846,0.1316239316239316,0.0541170409804485,,,,,,,False,not_tested,candidate_pool_radar_signal,independent_radar_crosscheck_and_statistical_anomaly,AOI_level_temporal_environmental_context,verification_attempt_and_data_quality_status
HH_023_to_029_649,HH_023_to_029,649,90.1585708,22.4973345,13600,-0.32431144,-0.5454187,-0.20315668,0.588106632232666,0.5829992890357971,0.3509165048599243,0.3700147271156311,0.3849550783634186,0.3688886165618896,0.2464425861835479,0.2586878836154938,-0.341664046049118,0.0340385735034942,850,0.5141010880470276,0.6360448598861694,-6.35993242263794,8.099908828735352,-0.7236721515655518,1.9195808172225952,21.529411764705884,11.058823529411764,5.411764705882352,2026-07-02,1.8073930848038584,18.92466027599626,25.937018327722456,,16.12448162053782,5,2026-08-31,10.381618789578503,29.070141490512185,45.39761703543667,64.67995907626292,18.58417429620198,5,2026-08-19,1.518043506933424,15.6441127857508,68.99127927886214,139.20850416637344,31.4804791104002,7,2026-09-12,5.835262578200746,13.056935698630676,32.511206868680866,131.93132861140086,42.59894201577027,9,0.1990440644127665,0.2380754368530722,0.341309869354677,0.0051282051282051,0.0051282051282051,0.0051282051282051,0.0051282051282051,0.0600188445816737,,,,,,,False,not_tested,candidate_pool_radar_signal,independent_radar_crosscheck_and_statistical_anomaly,AOI_level_temporal_environmental_context,verification_attempt_and_data_quality_status
HH_023_to_029_651,HH_023_to_029,651,90.1698473,22.4978254,8400,-0.3214026,-0.4550979,-0.22074226,0.6261254549026489,0.6242903470993042,0.3361915647983551,0.327794998884201,0.4614402055740356,0.430389940738678,0.3024727702140808,0.3028877377510071,-0.3236526846885681,0.1252486407756805,525,-0.0239953622221946,-0.0838825404644012,-5.004787445068359,5.85321855545044,-1.6080477237701416,1.3575373888015747,31.61904761904762,19.80952380952381,6.095238095238095,2026-07-02,1.8073930848038584,18.92466027599626,25.937018327722456,,16.12448162053782,5,2026-08-31,10.381618789578503,29.070141490512185,45.39761703543667,64.67995907626292,18.58417429620198,5,2026-08-19,1.518043506933424,15.6441127857508,68.99127927886214,139.20850416637344,31.4804791104002,7,2026-09-12,5.835262578200746,13.056935698630676,32.511206868680866,131.93132861140086,42.59894201577027,9,0.2824931812771488,0.3092850270188502,0.3481126960880657,0.1076923076923077,0.0461538461538461,0.0358974358974358,0.0632478632478632,0.0269388435114629,,,,,,,False,not_tested,candidate_pool_radar_signal,independent_radar_crosscheck_and_statistical_anomaly,AOI_level_temporal_environmental_context,verification_attempt_and_data_quality_status
HH_023_to_029_704,HH_023_to_029,704,90.1517413,22.4953797,30000,-0.3107807,-0.5845155,-0.20009875,0.5449246764183044,0.5882343649864197,0.2805624604225158,0.3024324476718902,0.3594792783260345,0.3686654269695282,0.2539228796958923,0.2774536609649658,-0.2910017967224121,0.0789168179035186,1835,-1.030566930770874,-0.6706473231315613,-14.212960243225098,7.1062116622924805,-3.003499746322632,1.289079189300537,46.049046321525886,35.20435967302452,25.068119891008173,2026-07-02,1.8073930848038584,18.92466027599626,25.937018327722456,,16.12448162053782,5,2026-08-31,10.381618789578503,29.070141490512185,45.39761703543667,64.67995907626292,18.58417429620198,5,2026-08-19,1.518043506933424,15.6441127857508,68.99127927886214,139.20850416637344,31.4804791104002,7,2026-09-12,5.835262578200746,13.056935698630676,32.511206868680866,131.93132861140086,42.59894201577027,9,0.7569418397561266,0.840226918377023,0.945982881776733,0.8717948717948718,0.8615384615384616,0.8564102564102564,0.8632478632478633,0.0773572116035777,,,,,,,False,not_tested,candidate_pool_radar_signal,independent_radar_crosscheck_and_statistical_anomaly,AOI_level_temporal_environmental_context,verification_attempt_and_data_quality_status
HH_023_to_029_707,HH_023_to_029,707,90.1642214,22.4965195,6000,-0.2663463,-0.3784796,-0.20760843,0.5681313872337341,0.5819887518882751,0.2548118531703949,0.2738448083400726,0.1970404535531997,0.2044583410024643,0.3428655862808227,0.3156425058841705,-0.2252658009529113,-0.0577713996171951,375,1.051082968711853,1.211465835571289,-3.86358380317688,7.192490100860596,-0.850724458694458,2.8863561153411865,22.933333333333334,13.6,3.4666666666666663,2026-07-02,1.8073930848038584,18.92466027599626,25.937018327722456,,16.12448162053782,5,2026-08-31,10.381618789578503,29.070141490512185,45.39761703543667,64.67995907626292,18.58417429620198,5,2026-08-19,1.518043506933424,15.6441127857508,68.99127927886214,139.20850416637344,31.4804791104002,7,2026-09-12,5.835262578200746,13.056935698630676,32.511206868680866,131.93132861140086,42.59894201577027,9,0.2149605076766774,0.2793144196360462,0.3429420612092125,0.0153846153846153,0.0153846153846153,0.0102564102564102,0.0136752136752136,0.0522485308684886,,,,,,,False,not_tested,candidate_pool_radar_signal,independent_radar_crosscheck_and_statistical_anomaly,AOI_level_temporal_environmental_context,verification_attempt_and_data_quality_status
HH_023_to_029_750,HH_023_to_029,750,90.1820168,22.49637,9600,-0.3498659,-0.54732376,-0.21231389,0.601732611656189,0.6028522849082947,0.304247111082077,0.3218778371810913,0.3902674913406372,0.3848022222518921,0.2409008890390396,0.2529864013195038,-0.3608317226171493,0.0860203802585601,600,-0.7223498821258545,-1.1517657041549685,-6.290004730224609,6.868795871734619,-2.322306156158448,0.9503173828125,52.33333333333333,30.666666666666664,17.166666666666668,2026-07-02,1.8073930848038584,18.92466027599626,25.937018327722456,,16.12448162053782,5,2026-08-31,10.381618789578503,29.070141490512185,45.39761703543667,64.67995907626292,18.58417429620198,5,2026-08-19,1.518043506933424,15.6441127857508,68.99127927886214,139.20850416637344,31.4804791104002,7,2026-09-12,5.835262578200746,13.056935698630676,32.511206868680866,131.93132861140086,42.59894201577027,9,0.4999257149986914,0.5658112950388834,0.6179469701778519,0.5794871794871795,0.5743589743589743,0.5282051282051282,0.5606837606837606,0.0482908490911444,,,,,,,False,not_tested,candidate_pool_radar_signal,independent_radar_crosscheck_and_statistical_anomaly,AOI_level_temporal_environmental_context,verification_attempt_and_data_quality_status
HH_023_to_029_765,HH_023_to_029,765,90.1612043,22.4955101,4400,-0.28014863,-0.3582201,-0.2003729,0.6209012269973755,0.6226685643196106,0.2586260139942169,0.2491232007741928,0.4023364186286926,0.3986495733261108,0.3154684007167816,0.3425199389457702,-0.3054328262805938,0.1437104046344757,275,0.585736095905304,0.8608226776123047,-7.06108283996582,4.405540943145752,-0.9396609663963318,2.1738438606262207,23.27272727272728,11.272727272727272,6.181818181818182,2026-07-02,1.8073930848038584,18.92466027599626,25.937018327722456,,16.12448162053782,5,2026-08-31,10.381618789578503,29.070141490512185,45.39761703543667,64.67995907626292,18.58417429620198,5,2026-08-19,1.518043506933424,15.6441127857508,68.99127927886214,139.20850416637344,31.4804791104002,7,2026-09-12,5.835262578200746,13.056935698630676,32.511206868680866,131.93132861140086,42.59894201577027,9,0.5547850680270398,0.6159912409459205,0.670944694128022,0.6666666666666666,0.6512820512820513,0.6102564102564103,0.6427350427350428,0.0474448643233307,,,,,,,False,not_tested,candidate_pool_radar_signal,independent_radar_crosscheck_and_statistical_anomaly,AOI_level_temporal_environmental_context,verification_attempt_and_data_quality_status
HH_023_to_029_779,HH_023_to_029,779,90.1757725,22.4955611,5600,-0.2998485,-0.3973887,-0.20060584,0.5724148750305176,0.5700237154960632,0.3139645159244537,0.3311832547187805,0.3163468837738037,0.300910085439682,0.300862044095993,0.2701752185821533,-0.2715528309345245,0.0023823678493499,350,0.2400210499763488,0.7198376655578613,-5.208396911621094,4.31561279296875,-1.91935133934021,2.038637399673462,32.857142857142854,24.571428571428573,15.428571428571429,2026-07-02,1.8073930848038584,18.92466027599626,25.937018327722456,,16.12448162053782,5,2026-08-31,10.381618789578503,29.070141490512185,45.39761703543667,64.67995907626292,18.58417429620198,5,2026-08-19,1.518043506933424,15.6441127857508,68.99127927886214,139.20850416637344,31.4804791104002,7,2026-09-12,5.835262578200746,13.056935698630676,32.511206868680866,131.93132861140086,42.59894201577027,9,0.4497611949622433,0.5194554189129794,0.6173976043081875,0.4769230769230769,0.5025641025641026,0.5230769230769231,0.5008547008547009,0.0687603909484762,,,,,,,False,not_tested,candidate_pool_radar_signal,independent_radar_crosscheck_and_statistical_anomaly,AOI_level_temporal_environmental_context,verification_attempt_and_data_quality_status
HH_023_to_029_822,HH_023_to_029,822,90.1739825,22.4945304,11200,-0.30386394,-0.5139087,-0.20297053,0.5054384469985962,0.5088487267494202,0.3045644164085388,0.3142043650150299,0.2944552302360534,0.2778778970241546,0.1923441886901855,0.2049847692251205,-0.3130942583084106,-0.0101091861724853,700,0.4622268378734588,0.3246991634368896,-7.729775905609131,10.097511291503906,-1.003748893737793,2.1230721473693848,25.142857142857142,12.714285714285714,6.714285714285714,2026-07-02,1.8073930848038584,18.92466027599626,25.937018327722456,,16.12448162053782,5,2026-08-31,10.381618789578503,29.070141490512185,45.39761703543667,64.67995907626292,18.58417429620198,5,2026-08-19,1.518043506933424,15.6441127857508,68.99127927886214,139.20850416637344,31.4804791104002,7,2026-09-12,5.835262578200746,13.056935698630676,32.511206868680866,131.93132861140086,42.59894201577027,9,0.6272959472325192,0.6815922528655951,0.7763125820541539,0.7538461538461538,0.7435897435897436,0.7589743589743589,0.7521367521367521,0.0615774011762195,,,,,,,False,not_tested,candidate_pool_radar_signal,independent_radar_crosscheck_and_statistical_anomaly,AOI_level_temporal_environmental_context,verification_attempt_and_data_quality_status
HH_023_to_029_847,HH_023_to_029,847,90.2115065,22.4951609,4800,-0.26194432,-0.3345267,-0.20901188,0.3657267093658447,0.3813271522521972,0.2288078367710113,0.2512011229991913,0.2795065641403198,0.2655804455280304,0.1153139472007751,0.1193828284740448,-0.2504127621650696,0.0506987273693084,300,-0.7268324494361877,-0.5855464935302734,-9.134039878845217,4.645012855529785,-2.1250674724578857,0.8760156631469727,42.0,25.333333333333336,15.666666666666668,2026-07-02,1.8073930848038584,18.92466027599626,25.937018327722456,,16.12448162053782,5,2026-08-31,10.381618789578503,29.070141490512185,45.39761703543667,64.67995907626292,18.58417429620198,5,2026-08-19,1.518043506933424,15.6441127857508,68.99127927886214,139.20850416637344,31.4804791104002,7,2026-09-12,5.835262578200746,13.056935698630676,32.511206868680866,131.93132861140086,42.59894201577027,9,0.5410918366437866,0.6169668868005386,0.6811868206764038,0.6410256410256411,0.6615384615384615,0.6358974358974359,0.6461538461538462,0.0572594753870575,,,,,,,False,not_tested,candidate_pool_radar_signal,independent_radar_crosscheck_and_statistical_anomaly,AOI_level_temporal_environmental_context,verification_attempt_and_data_quality_status
HH_023_to_029_854,HH_023_to_029,854,90.178564,22.4941959,4800,-0.28245538,-0.39242,-0.22615612,0.5592864751815796,0.5848652720451355,0.2953622937202453,0.3093257248401642,0.3905324339866638,0.3529919385910034,0.2821927368640899,0.3024098873138428,-0.2770937383174896,0.0951701402664184,300,-2.024972438812256,-1.8866527080535889,-8.900012016296387,5.72352933883667,-3.974042654037476,-0.2620633244514465,64.66666666666666,47.0,33.0,2026-07-02,1.8073930848038584,18.92466027599626,25.937018327722456,,16.12448162053782,5,2026-08-31,10.381618789578503,29.070141490512185,45.39761703543667,64.67995907626292,18.58417429620198,5,2026-08-19,1.518043506933424,15.6441127857508,68.99127927886214,139.20850416637344,31.4804791104002,7,2026-09-12,5.835262578200746,13.056935698630676,32.511206868680866,131.93132861140086,42.59894201577027,9,0.5231935947810942,0.5767239387934124,0.6300308452833043,0.6205128205128205,0.5948717948717949,0.5435897435897435,0.5863247863247864,0.0436161566706538,,,,,,,False,not_tested,candidate_pool_radar_signal,independent_radar_crosscheck_and_statistical_anomaly,AOI_level_temporal_environmental_context,verification_attempt_and_data_quality_status
HH_023_to_029_881,HH_023_to_029,881,90.2094121,22.4944868,4000,-0.28548115,-0.39487994,-0.21185279,0.5939923524856567,0.5805774927139282,0.2394538968801498,0.2508532702922821,0.3873199224472046,0.4060453474521637,0.2889180779457092,0.2950963377952575,-0.3050742745399475,0.1478660255670547,250,0.9156367182731628,0.5954028964042664,-5.712699890136719,6.608698844909668,-1.02425217628479,2.894190788269043,27.200000000000003,13.2,3.2,2026-07-02,1.8073930848038584,18.92466027599626,25.937018327722456,,16.12448162053782,5,2026-08-31,10.381618789578503,29.070141490512185,45.39761703543667,64.67995907626292,18.58417429620198,5,2026-08-19,1.518043506933424,15.6441127857508,68.99127927886214,139.20850416637344,31.4804791104002,7,2026-09-12,5.835262578200746,13.056935698630676,32.511206868680866,131.93132861140086,42.59894201577027,9,0.413730093696698,0.4404958296757065,0.4914266798541435,0.4153846153846154,0.3538461538461538,0.3538461538461538,0.3743589743589743,0.032226827373268,,,,,,,False,not_tested,candidate_pool_radar_signal,independent_radar_crosscheck_and_statistical_anomaly,AOI_level_temporal_environmental_context,verification_attempt_and_data_quality_status
HH_023_to_029_883,HH_023_to_029,883,90.2162711,22.494699,4400,-0.27119568,-0.4040643,-0.21148488,0.5239208936691284,0.5362067818641663,0.3389855325222015,0.3345224559307098,0.3574820756912231,0.3666927218437195,0.2703324258327484,0.2650110721588135,-0.25358846783638,0.0184965431690216,275,0.5675067901611328,0.4385887086391449,-4.522261142730713,5.848119258880615,-0.921180009841919,2.1517701148986816,24.727272727272727,13.454545454545457,8.0,2026-07-02,1.8073930848038584,18.92466027599626,25.937018327722456,,16.12448162053782,5,2026-08-31,10.381618789578503,29.070141490512185,45.39761703543667,64.67995907626292,18.58417429620198,5,2026-08-19,1.518043506933424,15.6441127857508,68.99127927886214,139.20850416637344,31.4804791104002,7,2026-09-12,5.835262578200746,13.056935698630676,32.511206868680866,131.93132861140086,42.59894201577027,9,0.3477957927303094,0.3649961914338882,0.3879786407764262,0.2205128205128205,0.1743589743589743,0.1025641025641025,0.1658119658119658,0.0164610920740788,,,,,,,False,not_tested,candidate_pool_radar_signal,independent_radar_crosscheck_and_statistical_anomaly,AOI_level_temporal_environmental_context,verification_attempt_and_data_quality_status
HH_023_to_029_892,HH_023_to_029,892,90.1503478,22.493323,4800,-0.27061966,-0.378833,-0.21299633,0.6677980422973633,0.6022982597351074,0.426220029592514,0.4280073642730713,0.3411738872528076,0.3741145133972168,0.3878017365932464,0.3316785395145416,-0.2799963057041168,-0.0850461423397064,280,0.4404047429561615,0.4424965381622314,-5.391249656677246,4.699090003967285,-1.1717939376831057,2.390688896179199,28.214285714285715,15.714285714285714,7.857142857142857,2026-07-02,1.8073930848038584,18.92466027599626,25.937018327722456,,16.12448162053782,5,2026-08-31,10.381618789578503,29.070141490512185,45.39761703543667,64.67995907626292,18.58417429620198,5,2026-08-19,1.518043506933424,15.6441127857508,68.99127927886214,139.20850416637344,31.4804791104002,7,2026-09-12,5.835262578200746,13.056935698630676,32.511206868680866,131.93132861140086,42.59894201577027,9,0.4096650291112086,0.4258723903877365,0.4547581200031045,0.4,0.3076923076923077,0.2512820512820513,0.3196581196581197,0.0186501438217416,,,,,,,False,not_tested,candidate_pool_radar_signal,independent_radar_crosscheck_and_statistical_anomaly,AOI_level_temporal_environmental_context,verification_attempt_and_data_quality_status
HH_023_to_029_900,HH_023_to_029,900,90.1970033,22.4942171,4000,-0.36633366,-0.44441968,-0.23922318,0.5607460737228394,0.5613484978675842,0.2202989161014557,0.2359610050916671,0.2020352482795715,0.2169559746980667,0.2185342609882354,0.1950148344039917,-0.3422118127346039,-0.0182636678218841,250,-4.700745105743408,-4.627696514129639,-12.340471267700195,2.5861587524414062,-6.972215175628662,-2.6543686389923096,92.0,88.0,66.4,2026-07-02,1.8073930848038584,18.92466027599626,25.937018327722456,,16.12448162053782,5,2026-08-31,10.381618789578503,29.070141490512185,45.39761703543667,64.67995907626292,18.58417429620198,5,2026-08-19,1.518043506933424,15.6441127857508,68.99127927886214,139.20850416637344,31.4804791104002,7,2026-09-12,5.835262578200746,13.056935698630676,32.511206868680866,131.93132861140086,42.59894201577027,9,1.0993658987141728,1.4195478429358943,1.7210403575957804,0.9333333333333332,0.953846153846154,0.958974358974359,0.9487179487179488,0.2538357619991677,,,,,,,False,not_tested,candidate_pool_radar_signal,independent_radar_crosscheck_and_statistical_anomaly,AOI_level_temporal_environmental_context,verification_attempt_and_data_quality_status
HH_023_to_029_902,HH_023_to_029,902,90.2059977,22.494247,4000,-0.2661012,-0.37371248,-0.20174628,0.6547638177871704,0.624933123588562,0.4001619517803192,0.3727324604988098,0.530920684337616,0.5282574892044067,0.3290308713912964,0.358831912279129,-0.325732946395874,0.1307587325572967,250,-0.6516414284706116,-0.1899926215410232,-6.237692356109619,3.586519718170166,-2.4171664714813232,1.4200551509857178,39.6,30.8,22.8,2026-07-02,1.8073930848038584,18.92466027599626,25.937018327722456,,16.12448162053782,5,2026-08-31,10.381618789578503,29.070141490512185,45.39761703543667,64.67995907626292,18.58417429620198,5,2026-08-19,1.518043506933424,15.6441127857508,68.99127927886214,139.20850416637344,31.4804791104002,7,2026-09-12,5.835262578200746,13.056935698630676,32.511206868680866,131.93132861140086,42.59894201577027,9,0.642510178309961,0.7172280101584256,0.7686017979218691,0.7743589743589744,0.7948717948717948,0.7538461538461538,0.7743589743589743,0.0517699151177087,,,,,,,False,not_tested,candidate_pool_radar_signal,independent_radar_crosscheck_and_statistical_anomaly,AOI_level_temporal_environmental_context,verification_attempt_and_data_quality_status
HH_023_to_029_935,HH_023_to_029,935,90.2042145,22.4933548,6800,-0.32350662,-0.5295293,-0.22229812,0.5694193840026855,0.5718337297439575,0.3806026875972748,0.3644620478153229,0.492123007774353,0.4704156517982483,0.2296281158924102,0.2483271211385727,-0.3397912681102752,0.1115203201770782,425,0.579868495464325,0.6195012331008911,-6.62746524810791,7.055863857269287,-0.6121730208396912,2.12672758102417,20.705882352941178,12.0,2.823529411764706,2026-07-02,1.8073930848038584,18.92466027599626,25.937018327722456,,16.12448162053782,5,2026-08-31,10.381618789578503,29.070141490512185,45.39761703543667,64.67995907626292,18.58417429620198,5,2026-08-19,1.518043506933424,15.6441127857508,68.99127927886214,139.20850416637344,31.4804791104002,7,2026-09-12,5.835262578200746,13.056935698630676,32.511206868680866,131.93132861140086,42.59894201577027,9,0.4599544362621094,0.5057135869925191,0.5423206608362193,0.4974358974358974,0.4564102564102564,0.4205128205128205,0.4581196581196581,0.0336949925088764,,,,,,,False,not_tested,candidate_pool_radar_signal,independent_radar_crosscheck_and_statistical_anomaly,AOI_level_temporal_environmental_context,verification_attempt_and_data_quality_status
HH_023_to_029_942,HH_023_to_029,942,90.1710755,22.4929759,4400,-0.28384435,-0.38213888,-0.20000291,0.5324510335922241,0.5351020693778992,0.402671605348587,0.3826316595077514,0.2217507064342498,0.2413847893476486,0.2415838837623596,0.2512577176094055,-0.2908671498298645,-0.1809208989143371,275,-0.744301438331604,-1.068716049194336,-5.575038909912109,4.885032653808594,-1.8618332147598269,0.3065649271011352,50.90909090909091,21.454545454545453,6.909090909090909,2026-07-02,1.8073930848038584,18.92466027599626,25.937018327722456,,16.12448162053782,5,2026-08-31,10.381618789578503,29.070141490512185,45.39761703543667,64.67995907626292,18.58417429620198,5,2026-08-19,1.518043506933424,15.6441127857508,68.99127927886214,139.20850416637344,31.4804791104002,7,2026-09-12,5.835262578200746,13.056935698630676,32.511206868680866,131.93132861140086,42.59894201577027,9,0.5684521745008273,0.6133120313407574,0.660133306161966,0.6820512820512821,0.6461538461538462,0.5846153846153846,0.6376068376068377,0.0374315203393687,,,,,,,False,not_tested,candidate_pool_radar_signal,independent_radar_crosscheck_and_statistical_anomaly,AOI_level_temporal_environmental_context,verification_attempt_and_data_quality_status
HH_023_to_029_970,HH_023_to_029,970,90.1977177,22.4930461,7200,-0.29962128,-0.47772908,-0.20219174,0.5527639389038086,0.5684707164764404,0.2761260271072387,0.2881591618061065,0.2742388248443603,0.2782042026519775,0.2797635495662689,0.2688494920730591,-0.2730003893375397,-0.0018872022628784,450,-5.853274822235107,-5.619558334350586,-13.863091468811035,2.148240566253662,-8.343674659729004,-3.210125684738159,94.0,86.44444444444444,78.0,2026-07-02,1.8073930848038584,18.92466027599626,25.937018327722456,,16.12448162053782,5,2026-08-31,10.381618789578503,29.070141490512185,45.39761703543667,64.67995907626292,18.58417429620198,5,2026-08-19,1.518043506933424,15.6441127857508,68.99127927886214,139.20850416637344,31.4804791104002,7,2026-09-12,5.835262578200746,13.056935698630676,32.511206868680866,131.93132861140086,42.59894201577027,9,1.2829954694044792,1.605671373593987,1.988768814290546,0.953846153846154,0.964102564102564,0.964102564102564,0.9606837606837608,0.2884825052589723,2.0,0.0,0.0,1.0,1.0,0.0,True,tested_but_inconclusive_no_valid_pixels,candidate_pool_radar_signal,independent_radar_crosscheck_and_statistical_anomaly,AOI_level_temporal_environmental_context,verification_attempt_and_data_quality_status
HH_023_to_029_972,HH_023_to_029,972,90.1522077,22.4921494,4000,-0.3095622,-0.45875135,-0.22438708,0.6369971036911011,0.6463930606842041,0.3362656235694885,0.3456903100013733,0.324765145778656,0.342070072889328,0.3282490968704223,0.3368308544158935,-0.3087480068206787,-0.0115004777908325,250,-2.4472298622131348,-2.1115405559539795,-10.057988166809082,5.36025333404541,-5.417924880981445,0.2684053182601928,62.0,50.8,42.4,2026-07-02,1.8073930848038584,18.92466027599626,25.937018327722456,,16.12448162053782,5,2026-08-31,10.381618789578503,29.070141490512185,45.39761703543667,64.67995907626292,18.58417429620198,5,2026-08-19,1.518043506933424,15.6441127857508,68.99127927886214,139.20850416637344,31.4804791104002,7,2026-09-12,5.835262578200746,13.056935698630676,32.511206868680866,131.93132861140086,42.59894201577027,9,0.6789150565721581,0.7281658350714857,0.8010761027085991,0.8256410256410256,0.8051282051282052,0.764102564102564,0.7982905982905982,0.0501828517665978,,,,,,,False,not_tested,candidate_pool_radar_signal,independent_radar_crosscheck_and_statistical_anomaly,AOI_level_temporal_environmental_context,verification_attempt_and_data_quality_status
HH_023_to_029_982,HH_023_to_029,982,90.2163498,22.4930107,9600,-0.3351406,-0.529215,-0.20973957,0.5853420495986938,0.576382577419281,0.2302762120962143,0.2447554916143417,0.3080393075942993,0.3191199600696563,0.2369405031204223,0.2412420064210891,-0.3484015464782715,0.077763095498085,600,-2.3890089988708496,-1.5974197387695312,-14.267704010009766,5.852346897125244,-4.970982551574707,0.7995736002922058,55.333333333333336,45.16666666666666,35.833333333333336,2026-07-02,1.8073930848038584,18.92466027599626,25.937018327722456,,16.12448162053782,5,2026-08-31,10.381618789578503,29.070141490512185,45.39761703543667,64.67995907626292,18.58417429620198,5,2026-08-19,1.518043506933424,15.6441127857508,68.99127927886214,139.20850416637344,31.4804791104002,7,2026-09-12,5.835262578200746,13.056935698630676,32.511206868680866,131.93132861140086,42.59894201577027,9,0.8035129033047252,0.8839489605081358,0.9652613588654428,0.8974358974358975,0.8974358974358975,0.8717948717948718,0.888888888888889,0.0660338535242215,,,,,,,False,not_tested,candidate_pool_radar_signal,independent_radar_crosscheck_and_statistical_anomaly,AOI_level_temporal_environmental_context,verification_attempt_and_data_quality_status
HH_023_to_029_996,HH_023_to_029,996,90.2121568,22.4922235,13600,-0.29752988,-0.50406134,-0.20628044,0.6563515663146973,0.6680508852005005,0.3797228932380676,0.4179276823997497,0.4668415188789367,0.4401761591434479,0.3848955035209656,0.3705210089683532,-0.2714560627937317,0.0871186256408691,850,0.0593622550368309,0.3411398231983185,-8.505267143249512,5.437060356140137,-1.582244634628296,1.791764736175537,32.23529411764706,20.11764705882353,11.882352941176473,2026-07-02,1.8073930848038584,18.92466027599626,25.937018327722456,,16.12448162053782,5,2026-08-31,10.381618789578503,29.070141490512185,45.39761703543667,64.67995907626292,18.58417429620198,5,2026-08-19,1.518043506933424,15.6441127857508,68.99127927886214,139.20850416637344,31.4804791104002,7,2026-09-12,5.835262578200746,13.056935698630676,32.511206868680866,131.93132861140086,42.59894201577027,9,0.3526819035321658,0.4229192673766893,0.4913153008187417,0.2307692307692307,0.2871794871794871,0.3487179487179487,0.2888888888888888,0.0565985114779256,,,,,,,False,not_tested,candidate_pool_radar_signal,independent_radar_crosscheck_and_statistical_anomaly,AOI_level_temporal_environmental_context,verification_attempt_and_data_quality_status
HH_023_to_029_997,HH_023_to_029,997,90.2178163,22.492942,6400,-0.29555535,-0.39619592,-0.21253619,0.6317962408065796,0.6237016320228577,0.2558182179927826,0.278313934803009,0.3859584331512451,0.3686727881431579,0.3156830072402954,0.3281463086605072,-0.3161132335662842,0.1301402151584625,400,0.2946197986602783,0.7294711470603943,-4.750212669372559,4.101731300354004,-1.3056211471557615,1.8040412664413448,28.000000000000004,17.0,5.5,2026-07-02,1.8073930848038584,18.92466027599626,25.937018327722456,,16.12448162053782,5,2026-08-31,10.381618789578503,29.070141490512185,45.39761703543667,64.67995907626292,18.58417429620198,5,2026-08-19,1.518043506933424,15.6441127857508,68.99127927886214,139.20850416637344,31.4804791104002,7,2026-09-12,5.835262578200746,13.056935698630676,32.511206868680866,131.93132861140086,42.59894201577027,9,0.4117343398753514,0.489536197752737,0.5456201998225766,0.4102564102564102,0.4358974358974359,0.4307692307692308,0.4256410256410256,0.0548978524890148,,,,,,,False,not_tested,candidate_pool_radar_signal,independent_radar_crosscheck_and_statistical_anomaly,AOI_level_temporal_environmental_context,verification_attempt_and_data_quality_status
HH_023_to_029_1015,HH_023_to_029,1015,90.202185,22.4925561,4000,-0.23572719,-0.29198593,-0.219961,0.4235334396362304,0.4182418882846832,0.2638587951660156,0.281141072511673,0.364860475063324,0.3380090296268463,0.1703727841377258,0.1825147122144699,-0.2531606554985046,0.1010016798973083,250,-1.8530923128128047,-2.1082077026367188,-11.84831428527832,7.21250057220459,-4.882580757141113,1.2117364406585691,60.0,52.400000000000006,40.0,2026-07-02,1.8073930848038584,18.92466027599626,25.937018327722456,,16.12448162053782,5,2026-08-31,10.381618789578503,29.070141490512185,45.39761703543667,64.67995907626292,18.58417429620198,5,2026-08-19,1.518043506933424,15.6441127857508,68.99127927886214,139.20850416637344,31.4804791104002,7,2026-09-12,5.835262578200746,13.056935698630676,32.511206868680866,131.93132861140086,42.59894201577027,9,0.4916810956492794,0.5732380299332483,0.6875345382046254,0.558974358974359,0.5897435897435898,0.6461538461538462,0.5982905982905983,0.0803283513625369,,,,,,,False,not_tested,candidate_pool_radar_signal,independent_radar_crosscheck_and_statistical_anomaly,AOI_level_temporal_environmental_context,verification_attempt_and_data_quality_status
HH_023_to_029_1017,HH_023_to_029,1017,90.1509067,22.4913321,4800,-0.2725241,-0.38527274,-0.20462173,0.4762372374534607,0.487913578748703,0.2302165031433105,0.2526946365833282,0.2548873722553253,0.2714065611362457,0.2189935445785522,0.2153894305229187,-0.2572436928749084,0.0246708691120147,300,-1.231852412223816,-1.4618525505065918,-7.499398231506348,7.4549031257629395,-3.022308826446533,0.4430297017097473,56.00000000000001,37.333333333333336,26.0,2026-07-02,1.8073930848038584,18.92466027599626,25.937018327722456,,16.12448162053782,5,2026-08-31,10.381618789578503,29.070141490512185,45.39761703543667,64.67995907626292,18.58417429620198,5,2026-08-19,1.518043506933424,15.6441127857508,68.99127927886214,139.20850416637344,31.4804791104002,7,2026-09-12,5.835262578200746,13.056935698630676,32.511206868680866,131.93132861140086,42.59894201577027,9,0.4324650083966988,0.5159236584204361,0.6016317990423886,0.4615384615384615,0.4871794871794871,0.5076923076923077,0.4854700854700854,0.0690640883447474,,,,,,,False,not_tested,candidate_pool_radar_signal,independent_radar_crosscheck_and_statistical_anomaly,AOI_level_temporal_environmental_context,verification_attempt_and_data_quality_status
HH_023_to_029_1027,HH_023_to_029,1027,90.2106839,22.4923184,7200,-0.31103823,-0.46483442,-0.20320876,0.5481773614883423,0.5666279792785645,0.3631490468978882,0.3493797183036804,0.3962550759315491,0.3942793309688568,0.2422605752944946,0.2555897533893585,-0.3059167861938476,0.0331060290336608,450,0.1610448807477951,0.1061054915189743,-4.670900344848633,7.1817307472229,-1.5037094354629517,1.7508502006530762,32.666666666666664,18.22222222222222,8.0,2026-07-02,1.8073930848038584,18.92466027599626,25.937018327722456,,16.12448162053782,5,2026-08-31,10.381618789578503,29.070141490512185,45.39761703543667,64.67995907626292,18.58417429620198,5,2026-08-19,1.518043506933424,15.6441127857508,68.99127927886214,139.20850416637344,31.4804791104002,7,2026-09-12,5.835262578200746,13.056935698630676,32.511206868680866,131.93132861140086,42.59894201577027,9,0.3906436178782524,0.4283523557237211,0.4563289113245957,0.3435897435897436,0.3179487179487179,0.2564102564102564,0.3059829059829059,0.0269138426760475,,,,,,,False,not_tested,candidate_pool_radar_signal,independent_radar_crosscheck_and_statistical_anomaly,AOI_level_temporal_environmental_context,verification_attempt_and_data_quality_status
HH_023_to_029_1033,HH_023_to_029,1033,90.1531898,22.4910196,4400,-0.29475108,-0.4177843,-0.20699081,0.6205774545669556,0.6331579089164734,0.3321478962898254,0.3217991292476654,0.314330518245697,0.3167794942855835,0.3706903159618377,0.3384068310260772,-0.2498871386051178,-0.0178173780441284,275,-2.1128857135772705,-1.8257708549499512,-9.163311958312988,4.508413791656494,-3.5683741569519043,-0.1667020469903946,61.09090909090909,48.72727272727273,29.818181818181817,2026-07-02,1.8073930848038584,18.92466027599626,25.937018327722456,,16.12448162053782,5,2026-08-31,10.381618789578503,29.070141490512185,45.39761703543667,64.67995907626292,18.58417429620198,5,2026-08-19,1.518043506933424,15.6441127857508,68.99127927886214,139.20850416637344,31.4804791104002,7,2026-09-12,5.835262578200746,13.056935698630676,32.511206868680866,131.93132861140086,42.59894201577027,9,0.4976506797918583,0.5619710837634033,0.6416793485930037,0.5692307692307692,0.5692307692307692,0.558974358974359,0.5658119658119658,0.0589112131241568,,,,,,,False,not_tested,candidate_pool_radar_signal,independent_radar_crosscheck_and_statistical_anomaly,AOI_level_temporal_environmental_context,verification_attempt_and_data_quality_status
HH_023_to_029_1041,HH_023_to_029,1041,90.196999,22.4916767,5600,-0.3065863,-0.5071393,-0.21730657,0.5405780076980591,0.5289576649665833,0.2871859967708587,0.2975151240825653,0.1752864420413971,0.1857237964868545,0.2143244743347168,0.2223713099956512,-0.3262535333633423,-0.1118995547294616,350,-2.344321727752685,-2.0536227226257324,-11.841422080993652,4.506288051605225,-3.670767068862915,-0.3986958563327789,63.42857142857142,50.28571428571429,38.85714285714285,2026-07-02,1.8073930848038584,18.92466027599626,25.937018327722456,,16.12448162053782,5,2026-08-31,10.381618789578503,29.070141490512185,45.39761703543667,64.67995907626292,18.58417429620198,5,2026-08-19,1.518043506933424,15.6441127857508,68.99127927886214,139.20850416637344,31.4804791104002,7,2026-09-12,5.835262578200746,13.056935698630676,32.511206868680866,131.93132861140086,42.59894201577027,9,0.6520794151660193,0.7461143174105244,0.8622444443532788,0.7897435897435897,0.8205128205128205,0.8205128205128205,0.8102564102564104,0.0859574240327769,,,,,,,False,not_tested,candidate_pool_radar_signal,independent_radar_crosscheck_and_statistical_anomaly,AOI_level_temporal_environmental_context,verification_attempt_and_data_quality_status
HH_023_to_029_1043,HH_023_to_029,1043,90.2142411,22.4920039,4800,-0.28237113,-0.44596946,-0.20772499,0.5891296863555908,0.6072161793708801,0.4805758595466614,0.5093349814414978,0.3197117745876312,0.312956303358078,0.3216985464096069,0.3248450458049774,-0.2674311399459839,-0.1608640849590301,300,-1.1441693305969238,-0.7852652072906494,-10.262843132019045,3.47186541557312,-2.692692756652832,0.7564443349838257,46.33333333333333,31.0,22.666666666666664,2026-07-02,1.8073930848038584,18.92466027599626,25.937018327722456,,16.12448162053782,5,2026-08-31,10.381618789578503,29.070141490512185,45.39761703543667,64.67995907626292,18.58417429620198,5,2026-08-19,1.518043506933424,15.6441127857508,68.99127927886214,139.20850416637344,31.4804791104002,7,2026-09-12,5.835262578200746,13.056935698630676,32.511206868680866,131.93132861140086,42.59894201577027,9,0.7171934378388952,0.7795738781356717,0.8717060722868386,0.8512820512820513,0.8307692307692308,0.8256410256410256,0.8358974358974359,0.0634681151224523,,,,,,,False,not_tested,candidate_pool_radar_signal,independent_radar_crosscheck_and_statistical_anomaly,AOI_level_temporal_environmental_context,verification_attempt_and_data_quality_status
HH_023_to_029_1063,HH_023_to_029,1063,90.1725666,22.4907131,9200,-0.3138022,-0.41060108,-0.20018688,0.5778210163116455,0.5810164213180542,0.3002437949180603,0.3034020960330963,0.4217425584793091,0.4032578766345978,0.2324760556221008,0.2672141194343567,-0.3453449606895447,0.1214987635612487,575,1.5126464366912842,1.3732361793518066,-5.112091064453125,9.631688117980955,0.3189883232116699,2.59296989440918,10.08695652173913,4.521739130434783,1.2173913043478262,2026-07-02,1.8073930848038584,18.92466027599626,25.937018327722456,,16.12448162053782,5,2026-08-31,10.381618789578503,29.070141490512185,45.39761703543667,64.67995907626292,18.58417429620198,5,2026-08-19,1.518043506933424,15.6441127857508,68.99127927886214,139.20850416637344,31.4804791104002,7,2026-09-12,5.835262578200746,13.056935698630676,32.511206868680866,131.93132861140086,42.59894201577027,9,0.5782089272238503,0.6322869241844021,0.7196090413507332,0.6974358974358974,0.676923076923077,0.6974358974358974,0.6905982905982905,0.0582557333151485,,,,,,,False,not_tested,candidate_pool_radar_signal,independent_radar_crosscheck_and_statistical_anomaly,AOI_level_temporal_environmental_context,verification_attempt_and_data_quality_status
HH_023_to_029_1074,HH_023_to_029,1074,90.1571648,22.4900888,7200,-0.2996642,-0.4235214,-0.2159864,0.6038598418235779,0.6098278164863586,0.3404362797737121,0.323003888130188,0.4771713614463806,0.4702620506286621,0.297843337059021,0.3101636171340942,-0.3060165047645569,0.1367350816726684,450,-0.3834415078163147,-0.1626777052879333,-9.576000213623049,5.456995010375977,-2.548743724822998,1.8794819116592407,39.11111111111112,29.55555555555556,21.333333333333336,2026-07-02,1.8073930848038584,18.92466027599626,25.937018327722456,,16.12448162053782,5,2026-08-31,10.381618789578503,29.070141490512185,45.39761703543667,64.67995907626292,18.58417429620198,5,2026-08-19,1.518043506933424,15.6441127857508,68.99127927886214,139.20850416637344,31.4804791104002,7,2026-09-12,5.835262578200746,13.056935698630676,32.511206868680866,131.93132861140086,42.59894201577027,9,0.477498510460776,0.5391112427229934,0.5846276690090717,0.5230769230769231,0.5282051282051282,0.4923076923076923,0.5145299145299146,0.0438995449861734,,,,,,,False,not_tested,candidate_pool_radar_signal,independent_radar_crosscheck_and_statistical_anomaly,AOI_level_temporal_environmental_context,verification_attempt_and_data_quality_status
HH_023_to_029_1076,HH_023_to_029,1076,90.1854392,22.4909629,4400,-0.34006518,-0.45873472,-0.26257205,0.4788220524787903,0.5020487904548645,0.2404581159353256,0.2256629914045334,0.3181834816932678,0.3054789304733276,0.1722580641508102,0.1619836091995239,-0.30656398832798,0.0777253657579422,275,0.2145199626684188,0.413699597120285,-8.224724769592285,5.590152263641357,-1.0756021738052368,2.182326555252075,26.90909090909091,16.0,10.545454545454543,2026-07-02,1.8073930848038584,18.92466027599626,25.937018327722456,,16.12448162053782,5,2026-08-31,10.381618789578503,29.070141490512185,45.39761703543667,64.67995907626292,18.58417429620198,5,2026-08-19,1.518043506933424,15.6441127857508,68.99127927886214,139.20850416637344,31.4804791104002,7,2026-09-12,5.835262578200746,13.056935698630676,32.511206868680866,131.93132861140086,42.59894201577027,9,0.3547920411746461,0.4239478278775112,0.4756291697701835,0.2512820512820513,0.2923076923076923,0.3025641025641025,0.2820512820512821,0.0495031935911814,,,,,,,False,not_tested,candidate_pool_radar_signal,independent_radar_crosscheck_and_statistical_anomaly,AOI_level_temporal_environmental_context,verification_attempt_and_data_quality_status
HH_023_to_029_1096,HH_023_to_029,1096,90.1658591,22.4900389,16000,-0.2942507,-0.4635652,-0.20293811,0.648324728012085,0.6499870419502258,0.3636893630027771,0.3570341467857361,0.4257025122642517,0.4239004254341125,0.363451600074768,0.3557363152503967,-0.2848731279373169,0.0620131492614746,1000,-1.0454667806625366,-0.0571595169603824,-13.052453994750977,6.24697732925415,-2.079071044921875,1.2380132675170898,34.599999999999994,25.6,19.3,2026-07-02,1.8073930848038584,18.92466027599626,25.937018327722456,,16.12448162053782,5,2026-08-31,10.381618789578503,29.070141490512185,45.39761703543667,64.67995907626292,18.58417429620198,5,2026-08-19,1.518043506933424,15.6441127857508,68.99127927886214,139.20850416637344,31.4804791104002,7,2026-09-12,5.835262578200746,13.056935698630676,32.511206868680866,131.93132861140086,42.59894201577027,9,0.3961814469236831,0.5503790128022252,0.7395755851241703,0.3538461538461538,0.5435897435897435,0.717948717948718,0.5384615384615384,0.140432572373797,,,,,,,False,not_tested,candidate_pool_radar_signal,independent_radar_crosscheck_and_statistical_anomaly,AOI_level_temporal_environmental_context,verification_attempt_and_data_quality_status
HH_023_to_029_1101,HH_023_to_029,1101,90.1959828,22.4905809,9200,-0.33212778,-0.48654377,-0.21848664,0.5736840963363647,0.5726172924041748,0.2847808003425598,0.2781655788421631,0.2659593820571899,0.256936252117157,0.2272610664367675,0.2404895424842834,-0.3464230298995971,-0.0188214182853698,575,0.4088567495346069,0.3673121333122253,-6.223291873931885,9.470128059387209,-1.202792406082153,1.862936854362488,27.1304347826087,16.695652173913047,9.043478260869566,2026-07-02,1.8073930848038584,18.92466027599626,25.937018327722456,,16.12448162053782,5,2026-08-31,10.381618789578503,29.070141490512185,45.39761703543667,64.67995907626292,18.58417429620198,5,2026-08-19,1.518043506933424,15.6441127857508,68.99127927886214,139.20850416637344,31.4804791104002,7,2026-09-12,5.835262578200746,13.056935698630676,32.511206868680866,131.93132861140086,42.59894201577027,9,0.6121458221144217,0.6652097078200754,0.7115774502175685,0.7384615384615385,0.717948717948718,0.676923076923077,0.7111111111111112,0.0406234636201316,,,,,,,False,not_tested,candidate_pool_radar_signal,independent_radar_crosscheck_and_statistical_anomaly,AOI_level_temporal_environmental_context,verification_attempt_and_data_quality_status
HH_023_to_029_1107,HH_023_to_029,1107,90.1689011,22.490115,4800,-0.31227112,-0.44864923,-0.20627192,0.5342870950698853,0.5416393280029297,0.3878675401210785,0.3696012496948242,0.3316478133201599,0.3322473466396332,0.1891997754573822,0.2293682694435119,-0.345087319612503,-0.0562197268009185,300,1.4330580234527588,1.4458582401275637,-6.447890281677246,6.113753318786621,0.4597997665405273,2.6846516132354736,10.0,7.666666666666666,4.666666666666667,2026-07-02,1.8073930848038584,18.92466027599626,25.937018327722456,,16.12448162053782,5,2026-08-31,10.381618789578503,29.070141490512185,45.39761703543667,64.67995907626292,18.58417429620198,5,2026-08-19,1.518043506933424,15.6441127857508,68.99127927886214,139.20850416637344,31.4804791104002,7,2026-09-12,5.835262578200746,13.056935698630676,32.511206868680866,131.93132861140086,42.59894201577027,9,0.4655946065092597,0.516950711779915,0.5640697377373619,0.5025641025641026,0.4974358974358974,0.4564102564102564,0.4854700854700854,0.0402147065776538,,,,,,,False,not_tested,candidate_pool_radar_signal,independent_radar_crosscheck_and_statistical_anomaly,AOI_level_temporal_environmental_context,verification_attempt_and_data_quality_status
HH_023_to_029_1110,HH_023_to_029,1110,90.1743353,22.4894224,25200,-0.31308836,-0.55007625,-0.20182443,0.6123613119125366,0.5817186236381531,0.310346782207489,0.3737916052341461,0.3584263324737549,0.3821133375167846,0.2282056361436844,0.2686302363872528,-0.3841556757688522,0.0480795502662658,1575,0.0675402283668518,0.0515287145972251,-8.571150779724121,8.35283374786377,-1.888388633728028,1.8881006240844729,35.492063492063494,23.809523809523807,12.444444444444445,2026-07-02,1.8073930848038584,18.92466027599626,25.937018327722456,,16.12448162053782,5,2026-08-31,10.381618789578503,29.070141490512185,45.39761703543667,64.67995907626292,18.58417429620198,5,2026-08-19,1.518043506933424,15.6441127857508,68.99127927886214,139.20850416637344,31.4804791104002,7,2026-09-12,5.835262578200746,13.056935698630676,32.511206868680866,131.93132861140086,42.59894201577027,9,0.5551417225413112,0.5982709289744822,0.6567304086349823,0.6717948717948717,0.6358974358974359,0.5794871794871795,0.629059829059829,0.0416305181220192,,,,,,,False,not_tested,candidate_pool_radar_signal,independent_radar_crosscheck_and_statistical_anomaly,AOI_level_temporal_environmental_context,verification_attempt_and_data_quality_status
HH_023_to_029_1114,HH_023_to_029,1114,90.208616,22.4904873,7200,-0.29525235,-0.4870542,-0.20458463,0.5284665822982788,0.5393177270889282,0.1862461864948272,0.2084538638591766,0.2745133638381958,0.3173482716083526,0.2394001483917236,0.2440653145313263,-0.2890664339065552,0.0882671773433685,450,1.290094256401062,1.6158357858657837,-7.081925868988037,10.043399810791016,-0.48882657289505,3.1057748794555664,21.333333333333336,15.777777777777777,8.222222222222223,2026-07-02,1.8073930848038584,18.92466027599626,25.937018327722456,,16.12448162053782,5,2026-08-31,10.381618789578503,29.070141490512185,45.39761703543667,64.67995907626292,18.58417429620198,5,2026-08-19,1.518043506933424,15.6441127857508,68.99127927886214,139.20850416637344,31.4804791104002,7,2026-09-12,5.835262578200746,13.056935698630676,32.511206868680866,131.93132861140086,42.59894201577027,9,0.6528352516173098,0.7281941755402515,0.805912956068247,0.7948717948717948,0.8102564102564103,0.7743589743589744,0.7931623931623931,0.0624961864272541,,,,,,,False,not_tested,candidate_pool_radar_signal,independent_radar_crosscheck_and_statistical_anomaly,AOI_level_temporal_environmental_context,verification_attempt_and_data_quality_status
HH_023_to_029_1120,HH_023_to_029,1120,90.1608642,22.4896781,4400,-0.2701851,-0.40309685,-0.20164469,0.5110943913459778,0.5289739370346069,0.3130394220352173,0.3079668581485748,0.3846980035305023,0.3610085248947143,0.2519318461418152,0.2587888538837433,-0.2591625452041626,0.071658581495285,275,0.7297584414482117,-0.1034743338823318,-4.6073503494262695,8.537041664123535,-1.2583214044570925,2.093043565750122,30.909090909090907,14.545454545454543,5.090909090909091,2026-07-02,1.8073930848038584,18.92466027599626,25.937018327722456,,16.12448162053782,5,2026-08-31,10.381618789578503,29.070141490512185,45.39761703543667,64.67995907626292,18.58417429620198,5,2026-08-19,1.518043506933424,15.6441127857508,68.99127927886214,139.20850416637344,31.4804791104002,7,2026-09-12,5.835262578200746,13.056935698630676,32.511206868680866,131.93132861140086,42.59894201577027,9,0.4838620652692551,0.5514379325128299,0.6134087979951043,0.5333333333333333,0.5538461538461539,0.517948717948718,0.535042735042735,0.0529037301376398,,,,,,,False,not_tested,candidate_pool_radar_signal,independent_radar_crosscheck_and_statistical_anomaly,AOI_level_temporal_environmental_context,verification_attempt_and_data_quality_status
HH_023_to_029_1129,HH_023_to_029,1129,90.1518232,22.489048,13200,-0.286401,-0.4718529,-0.20094234,0.6098692417144775,0.6185990571975708,0.3427077531814575,0.33555668592453,0.39157235622406,0.3697268664836883,0.3347876667976379,0.3321979939937591,-0.2750815749168396,0.0488646030426025,825,0.4855149388313293,0.4794557690620422,-6.941840171813965,8.07582950592041,-1.084223747253418,1.990885853767395,27.15151515151516,13.818181818181818,8.121212121212121,2026-07-02,1.8073930848038584,18.92466027599626,25.937018327722456,,16.12448162053782,5,2026-08-31,10.381618789578503,29.070141490512185,45.39761703543667,64.67995907626292,18.58417429620198,5,2026-08-19,1.518043506933424,15.6441127857508,68.99127927886214,139.20850416637344,31.4804791104002,7,2026-09-12,5.835262578200746,13.056935698630676,32.511206868680866,131.93132861140086,42.59894201577027,9,0.2694171542088421,0.3320687526324806,0.3969787893239963,0.0769230769230769,0.0923076923076923,0.1333333333333333,0.1008547008547008,0.0520795400235516,,,,,,,False,not_tested,candidate_pool_radar_signal,independent_radar_crosscheck_and_statistical_anomaly,AOI_level_temporal_environmental_context,verification_attempt_and_data_quality_status
HH_023_to_029_1143,HH_023_to_029,1143,90.2138634,22.4908149,6000,-0.26796335,-0.40448028,-0.20727277,0.6010363101959229,0.6185871362686157,0.234303742647171,0.2559094727039337,0.3984778225421905,0.425836831331253,0.3049290478229522,0.3506237864494324,-0.2961072623729706,0.1641740798950195,375,-0.5699371099472046,-1.0742661952972412,-6.432979583740234,8.473090171813965,-2.7141594886779785,0.856264591217041,50.93333333333333,37.333333333333336,20.266666666666666,2026-07-02,1.8073930848038584,18.92466027599626,25.937018327722456,,16.12448162053782,5,2026-08-31,10.381618789578503,29.070141490512185,45.39761703543667,64.67995907626292,18.58417429620198,5,2026-08-19,1.518043506933424,15.6441127857508,68.99127927886214,139.20850416637344,31.4804791104002,7,2026-09-12,5.835262578200746,13.056935698630676,32.511206868680866,131.93132861140086,42.59894201577027,9,0.3724356498222201,0.5167200884449973,0.669961680736517,0.2923076923076923,0.4923076923076923,0.6,0.4615384615384615,0.1214828400814724,,,,,,,False,not_tested,candidate_pool_radar_signal,independent_radar_crosscheck_and_statistical_anomaly,AOI_level_temporal_environmental_context,verification_attempt_and_data_quality_status
HH_023_to_029_1145,HH_023_to_029,1145,90.1535976,22.4889715,10000,-0.3262542,-0.531982,-0.20052823,0.5129606127738953,0.5346900224685669,0.2338411659002304,0.2498149275779724,0.3331942856311798,0.343591958284378,0.1722635179758072,0.2084358185529709,-0.3406970947980881,0.0993531197309494,625,-1.0077284574508667,-0.2568335235118866,-12.025924682617188,7.998111248016357,-4.178356170654297,2.251850128173828,43.36,35.52,31.2,2026-07-02,1.8073930848038584,18.92466027599626,25.937018327722456,,16.12448162053782,5,2026-08-31,10.381618789578503,29.070141490512185,45.39761703543667,64.67995907626292,18.58417429620198,5,2026-08-19,1.518043506933424,15.6441127857508,68.99127927886214,139.20850416637344,31.4804791104002,7,2026-09-12,5.835262578200746,13.056935698630676,32.511206868680866,131.93132861140086,42.59894201577027,9,0.8631377348709149,0.975256496367051,1.05680186962531,0.917948717948718,0.9076923076923076,0.9025641025641026,0.9094017094017094,0.0793907786902684,,,,,,,False,not_tested,candidate_pool_radar_signal,independent_radar_crosscheck_and_statistical_anomaly,AOI_level_temporal_environmental_context,verification_attempt_and_data_quality_status
HH_023_to_029_1148,HH_023_to_029,1148,90.1722638,22.4897853,5200,-0.34671623,-0.53377503,-0.23491058,0.683429479598999,0.664072573184967,0.4394432008266449,0.4172978699207306,0.3599918782711029,0.4070672988891601,0.3495117425918579,0.3173563778400421,-0.3339177370071411,-0.0794513225555419,325,0.3162713944911957,0.0120936371386051,-4.223022937774658,7.743043422698975,-1.271186113357544,1.497632384300232,28.000000000000004,14.153846153846152,4.615384615384616,2026-07-02,1.8073930848038584,18.92466027599626,25.937018327722456,,16.12448162053782,5,2026-08-31,10.381618789578503,29.070141490512185,45.39761703543667,64.67995907626292,18.58417429620198,5,2026-08-19,1.518043506933424,15.6441127857508,68.99127927886214,139.20850416637344,31.4804791104002,7,2026-09-12,5.835262578200746,13.056935698630676,32.511206868680866,131.93132861140086,42.59894201577027,9,0.2578894973736879,0.3620893136770199,0.4588538608879164,0.0461538461538461,0.1641025641025641,0.2666666666666666,0.1589743589743589,0.082062073197507,,,,,,,False,not_tested,candidate_pool_radar_signal,independent_radar_crosscheck_and_statistical_anomaly,AOI_level_temporal_environmental_context,verification_attempt_and_data_quality_status
HH_023_to_029_1161,HH_023_to_029,1161,90.1709871,22.489592,4000,-0.28003037,-0.4148537,-0.21777624,0.5339795351028442,0.5553326606750488,0.3688469529151916,0.3606326282024383,0.3126670122146606,0.3250612914562225,0.2800442576408386,0.2753022313117981,-0.2539352774620056,-0.056179940700531,250,1.8109227418899536,1.4307467937469482,-2.8609564304351807,9.50248908996582,-0.4380740225315094,3.855679512023926,19.2,7.199999999999999,0.0,2026-07-02,1.8073930848038584,18.92466027599626,25.937018327722456,,16.12448162053782,5,2026-08-31,10.381618789578503,29.070141490512185,45.39761703543667,64.67995907626292,18.58417429620198,5,2026-08-19,1.518043506933424,15.6441127857508,68.99127927886214,139.20850416637344,31.4804791104002,7,2026-09-12,5.835262578200746,13.056935698630676,32.511206868680866,131.93132861140086,42.59894201577027,9,0.7110000218079425,0.8302778597749011,0.9407028099364888,0.8461538461538461,0.8564102564102564,0.8512820512820513,0.8512820512820513,0.0937989831278031,,,,,,,False,not_tested,candidate_pool_radar_signal,independent_radar_crosscheck_and_statistical_anomaly,AOI_level_temporal_environmental_context,verification_attempt_and_data_quality_status
HH_023_to_029_1165,HH_023_to_029,1165,90.1694352,22.4892634,5200,-0.33911008,-0.54434896,-0.21426404,0.7100599408149719,0.6973442435264587,0.2756001353263855,0.3326202034950256,0.4690015017986297,0.4247506260871887,0.3629073798656463,0.3582341969013214,-0.3471525609493255,0.1934013664722442,325,1.4984248876571655,1.340421438217163,-4.22151517868042,7.0026044845581055,-0.2345291525125503,3.0092933177948,13.538461538461538,4.307692307692308,2.1538461538461537,2026-07-02,1.8073930848038584,18.92466027599626,25.937018327722456,,16.12448162053782,5,2026-08-31,10.381618789578503,29.070141490512185,45.39761703543667,64.67995907626292,18.58417429620198,5,2026-08-19,1.518043506933424,15.6441127857508,68.99127927886214,139.20850416637344,31.4804791104002,7,2026-09-12,5.835262578200746,13.056935698630676,32.511206868680866,131.93132861140086,42.59894201577027,9,0.2690842493502446,0.3067391746311087,0.3438265914536059,0.0717948717948717,0.0358974358974358,0.0153846153846153,0.041025641025641,0.0305137265788675,,,,,,,False,not_tested,candidate_pool_radar_signal,independent_radar_crosscheck_and_statistical_anomaly,AOI_level_temporal_environmental_context,verification_attempt_and_data_quality_status
HH_023_to_029_1182,HH_023_to_029,1182,90.1766829,22.4889561,6800,-0.34593976,-0.5708301,-0.20379537,0.5963788032531738,0.6271212697029114,0.439063549041748,0.4250110685825348,0.2890430390834808,0.2774637341499328,0.2824877202510834,0.2811815142631531,-0.3138910830020904,-0.1500205099582672,425,-0.7991902232170105,-1.0840985774993896,-9.736686706542969,5.924573421478272,-2.422175168991089,1.0017454624176023,52.0,32.70588235294118,17.41176470588235,2026-07-02,1.8073930848038584,18.92466027599626,25.937018327722456,,16.12448162053782,5,2026-08-31,10.381618789578503,29.070141490512185,45.39761703543667,64.67995907626292,18.58417429620198,5,2026-08-19,1.518043506933424,15.6441127857508,68.99127927886214,139.20850416637344,31.4804791104002,7,2026-09-12,5.835262578200746,13.056935698630676,32.511206868680866,131.93132861140086,42.59894201577027,9,0.4597666952229113,0.493918897979318,0.5706513747920532,0.4923076923076923,0.4461538461538462,0.4717948717948718,0.47008547008547,0.0463676828478184,,,,,,,False,not_tested,candidate_pool_radar_signal,independent_radar_crosscheck_and_statistical_anomaly,AOI_level_temporal_environmental_context,verification_attempt_and_data_quality_status
HH_023_to_029_1194,HH_023_to_029,1194,90.2062804,22.4891972,12000,-0.2778667,-0.448299,-0.20625708,0.5312094688415527,0.5380194783210754,0.2993236780166626,0.3111270368099212,0.395597904920578,0.3950861096382141,0.2526072561740875,0.2601528465747833,-0.2786022126674652,0.0962742269039154,750,-0.4145343005657196,-0.6591418981552124,-5.771852493286133,7.884219169616699,-2.112246513366699,1.1136378049850464,44.13333333333333,26.13333333333333,11.066666666666666,2026-07-02,1.8073930848038584,18.92466027599626,25.937018327722456,,16.12448162053782,5,2026-08-31,10.381618789578503,29.070141490512185,45.39761703543667,64.67995907626292,18.58417429620198,5,2026-08-19,1.518043506933424,15.6441127857508,68.99127927886214,139.20850416637344,31.4804791104002,7,2026-09-12,5.835262578200746,13.056935698630676,32.511206868680866,131.93132861140086,42.59894201577027,9,0.6104542624077683,0.6463161706197724,0.6729898045815573,0.7333333333333333,0.7025641025641025,0.6205128205128205,0.6854700854700854,0.0256217209160579,,,,,,,False,not_tested,candidate_pool_radar_signal,independent_radar_crosscheck_and_statistical_anomaly,AOI_level_temporal_environmental_context,verification_attempt_and_data_quality_status
HH_023_to_029_1218,HH_023_to_029,1218,90.2023592,22.4885583,11600,-0.3032978,-0.51410544,-0.20124972,0.5688124895095825,0.5530362725257874,0.2812196314334869,0.3190179169178009,0.3803848624229431,0.3698938190937042,0.2498584389686584,0.2497384846210479,-0.3189540505409241,0.0991652309894561,725,-1.1982976198196411,-0.91867333650589,-8.844393730163574,7.43880033493042,-2.999824523925781,0.7151657938957214,48.82758620689655,35.86206896551724,24.82758620689655,2026-07-02,1.8073930848038584,18.92466027599626,25.937018327722456,,16.12448162053782,5,2026-08-31,10.381618789578503,29.070141490512185,45.39761703543667,64.67995907626292,18.58417429620198,5,2026-08-19,1.518043506933424,15.6441127857508,68.99127927886214,139.20850416637344,31.4804791104002,7,2026-09-12,5.835262578200746,13.056935698630676,32.511206868680866,131.93132861140086,42.59894201577027,9,0.6548044044869977,0.7009413498434846,0.7539834063741124,0.8,0.7538461538461538,0.7333333333333333,0.7623931623931623,0.0405223558368986,,,,,,,False,not_tested,candidate_pool_radar_signal,independent_radar_crosscheck_and_statistical_anomaly,AOI_level_temporal_environmental_context,verification_attempt_and_data_quality_status
HH_023_to_029_1253,HH_023_to_029,1253,90.1711765,22.4876036,6000,-0.27883974,-0.35726535,-0.21014476,0.612610399723053,0.6211387515068054,0.2940867841243744,0.3185905516147613,0.4577691555023193,0.4494931399822235,0.3425202667713165,0.3422990143299103,-0.2700901329517364,0.1636823713779449,375,1.750512719154358,1.828374266624451,-4.520782947540283,6.676736354827881,0.6930273175239563,3.0033445358276367,6.4,2.1333333333333333,1.0666666666666669,2026-07-02,1.8073930848038584,18.92466027599626,25.937018327722456,,16.12448162053782,5,2026-08-31,10.381618789578503,29.070141490512185,45.39761703543667,64.67995907626292,18.58417429620198,5,2026-08-19,1.518043506933424,15.6441127857508,68.99127927886214,139.20850416637344,31.4804791104002,7,2026-09-12,5.835262578200746,13.056935698630676,32.511206868680866,131.93132861140086,42.59894201577027,9,0.3598061500356606,0.4243233074937763,0.4752822383849014,0.2717948717948718,0.2974358974358974,0.2974358974358974,0.2888888888888889,0.0472511060711027,,,,,,,False,not_tested,candidate_pool_radar_signal,independent_radar_crosscheck_and_statistical_anomaly,AOI_level_temporal_environmental_context,verification_attempt_and_data_quality_status
HH_023_to_029_1256,HH_023_to_029,1256,90.1795742,22.4876486,4000,-0.31901675,-0.47492626,-0.23508334,0.5121458768844604,0.5118540525436401,0.2820980548858642,0.3035270571708679,0.4115608334541321,0.3658240437507629,0.1979150474071502,0.1928372830152511,-0.3142308294773102,0.1294627785682678,250,1.4377305507659912,1.8416999578475952,-4.543989181518555,7.360136985778809,-0.3268681764602661,3.3238024711608887,19.2,14.000000000000002,8.0,2026-07-02,1.8073930848038584,18.92466027599626,25.937018327722456,,16.12448162053782,5,2026-08-31,10.381618789578503,29.070141490512185,45.39761703543667,64.67995907626292,18.58417429620198,5,2026-08-19,1.518043506933424,15.6441127857508,68.99127927886214,139.20850416637344,31.4804791104002,7,2026-09-12,5.835262578200746,13.056935698630676,32.511206868680866,131.93132861140086,42.59894201577027,9,0.4178488946187003,0.4647730164723901,0.5257930785929721,0.4256410256410256,0.4153846153846154,0.4,0.4136752136752137,0.0441930965534098,,,,,,,False,not_tested,candidate_pool_radar_signal,independent_radar_crosscheck_and_statistical_anomaly,AOI_level_temporal_environmental_context,verification_attempt_and_data_quality_status
HH_023_to_029_1262,HH_023_to_029,1262,90.2109602,22.4883335,6000,-0.24632247,-0.3100646,-0.20111394,0.6989630460739136,0.6484301686286926,0.373357743024826,0.3831804990768432,0.3606145679950714,0.3738013505935669,0.4224099218845367,0.4021077752113342,-0.2765531241893768,-0.0127431750297546,375,0.1715815067291259,0.0977572351694107,-3.934895038604736,6.020341873168945,-1.5028083324432373,1.612162470817566,32.266666666666666,15.466666666666669,5.066666666666666,2026-07-02,1.8073930848038584,18.92466027599626,25.937018327722456,,16.12448162053782,5,2026-08-31,10.381618789578503,29.070141490512185,45.39761703543667,64.67995907626292,18.58417429620198,5,2026-08-19,1.518043506933424,15.6441127857508,68.99127927886214,139.20850416637344,31.4804791104002,7,2026-09-12,5.835262578200746,13.056935698630676,32.511206868680866,131.93132861140086,42.59894201577027,9,0.3108526736322851,0.3453286353830597,0.4093129085481568,0.1435897435897435,0.1179487179487179,0.1692307692307692,0.1435897435897435,0.0407935139326983,,,,,,,False,not_tested,candidate_pool_radar_signal,independent_radar_crosscheck_and_statistical_anomaly,AOI_level_temporal_environmental_context,verification_attempt_and_data_quality_status
HH_023_to_029_1271,HH_023_to_029,1271,90.1775739,22.4872232,11600,-0.2820021,-0.4261978,-0.2012428,0.6755084991455078,0.6732925176620483,0.4141941368579864,0.394081711769104,0.4227477014064789,0.4035735428333282,0.3914177119731903,0.3912903964519501,-0.2840907871723175,0.0085535645484924,725,-0.6298012137413025,-0.2418708503246307,-14.245372772216797,6.043951034545898,-2.3239121437072754,1.4014207124710083,39.17241379310345,28.551724137931032,17.655172413793103,2026-07-02,1.8073930848038584,18.92466027599626,25.937018327722456,,16.12448162053782,5,2026-08-31,10.381618789578503,29.070141490512185,45.39761703543667,64.67995907626292,18.58417429620198,5,2026-08-19,1.518043506933424,15.6441127857508,68.99127927886214,139.20850416637344,31.4804791104002,7,2026-09-12,5.835262578200746,13.056935698630676,32.511206868680866,131.93132861140086,42.59894201577027,9,0.5514023682627182,0.7055040510163753,0.946213487199252,0.6512820512820513,0.764102564102564,0.8615384615384616,0.7589743589743589,0.1624685203460469,,,,,,,False,not_tested,candidate_pool_radar_signal,independent_radar_crosscheck_and_statistical_anomaly,AOI_level_temporal_environmental_context,verification_attempt_and_data_quality_status
HH_023_to_029_1278,HH_023_to_029,1278,90.1556296,22.4867897,6400,-0.34035212,-0.5648879,-0.20289585,0.6955225467681885,0.6771748065948486,0.3644964098930359,0.4049509167671203,0.3729205727577209,0.352895438671112,0.3260941505432129,0.3368226885795593,-0.3694283962249756,0.008424162864685,400,-2.2606215476989746,-1.5332067012786863,-10.967090606689451,4.849588394165039,-4.177204608917236,-0.2189931571483612,58.75,47.5,37.0,2026-07-02,1.8073930848038584,18.92466027599626,25.937018327722456,,16.12448162053782,5,2026-08-31,10.381618789578503,29.070141490512185,45.39761703543667,64.67995907626292,18.58417429620198,5,2026-08-19,1.518043506933424,15.6441127857508,68.99127927886214,139.20850416637344,31.4804791104002,7,2026-09-12,5.835262578200746,13.056935698630676,32.511206868680866,131.93132861140086,42.59894201577027,9,0.5751211511912359,0.6454010358197342,0.7255602340357078,0.6871794871794872,0.6974358974358974,0.7076923076923077,0.6974358974358975,0.0614606259586924,,,,,,,False,not_tested,candidate_pool_radar_signal,independent_radar_crosscheck_and_statistical_anomaly,AOI_level_temporal_environmental_context,verification_attempt_and_data_quality_status
HH_023_to_029_1281,HH_023_to_029,1281,90.1695038,22.4868926,4400,-0.28874376,-0.3581568,-0.22101954,0.6045481562614441,0.594666063785553,0.3751797676086426,0.3752799928188324,0.4518589675426483,0.4260885119438171,0.3078365921974182,0.3059222996234894,-0.2967115640640259,0.0766791999340057,275,1.2716447114944458,1.6133509874343872,-5.444446086883545,4.668409824371338,-0.0981593951582908,2.5697720050811768,9.454545454545457,4.0,0.7272727272727273,2026-07-02,1.8073930848038584,18.92466027599626,25.937018327722456,,16.12448162053782,5,2026-08-31,10.381618789578503,29.070141490512185,45.39761703543667,64.67995907626292,18.58417429620198,5,2026-08-19,1.518043506933424,15.6441127857508,68.99127927886214,139.20850416637344,31.4804791104002,7,2026-09-12,5.835262578200746,13.056935698630676,32.511206868680866,131.93132861140086,42.59894201577027,9,0.6834123435372356,0.701925954655862,0.7418759127905774,0.841025641025641,0.7589743589743589,0.7230769230769231,0.7743589743589744,0.024396588744826,,,,,,,False,not_tested,candidate_pool_radar_signal,independent_radar_crosscheck_and_statistical_anomaly,AOI_level_temporal_environmental_context,verification_attempt_and_data_quality_status
HH_023_to_029_1295,HH_023_to_029,1295,90.2115697,22.487646,6000,-0.27176636,-0.39279747,-0.21160989,0.7028456330299377,0.6844592690467834,0.3041093349456787,0.3237925767898559,0.45847949385643,0.4680622816085815,0.4028522968292236,0.4126928448677063,-0.2999933362007141,0.1543701589107513,375,-1.2493964433670044,-1.2264134883880615,-5.962651252746582,3.2482268810272217,-2.755698680877685,0.1552463620901107,56.00000000000001,40.53333333333333,21.066666666666663,2026-07-02,1.8073930848038584,18.92466027599626,25.937018327722456,,16.12448162053782,5,2026-08-31,10.381618789578503,29.070141490512185,45.39761703543667,64.67995907626292,18.58417429620198,5,2026-08-19,1.518043506933424,15.6441127857508,68.99127927886214,139.20850416637344,31.4804791104002,7,2026-09-12,5.835262578200746,13.056935698630676,32.511206868680866,131.93132861140086,42.59894201577027,9,0.5041086622781945,0.6163493742340108,0.8374159038807459,0.5846153846153846,0.6564102564102564,0.7948717948717948,0.6786324786324786,0.1384686507862583,,,,,,,False,not_tested,candidate_pool_radar_signal,independent_radar_crosscheck_and_statistical_anomaly,AOI_level_temporal_environmental_context,verification_attempt_and_data_quality_status
HH_023_to_029_1307,HH_023_to_029,1307,90.1600789,22.486277,8000,-0.28532076,-0.40176275,-0.20005578,0.6176204681396484,0.599483847618103,0.3202717304229736,0.3234260380268097,0.2735226452350616,0.3133386969566345,0.3095298409461975,0.3141630291938782,-0.3080906271934509,-0.0467490851879119,500,-3.304394006729126,-2.711683988571167,-13.568347930908203,4.142385482788086,-6.051982402801514,-0.0822081044316291,67.2,58.2,46.6,2026-07-02,1.8073930848038584,18.92466027599626,25.937018327722456,,16.12448162053782,5,2026-08-31,10.381618789578503,29.070141490512185,45.39761703543667,64.67995907626292,18.58417429620198,5,2026-08-19,1.518043506933424,15.6441127857508,68.99127927886214,139.20850416637344,31.4804791104002,7,2026-09-12,5.835262578200746,13.056935698630676,32.511206868680866,131.93132861140086,42.59894201577027,9,0.7439999184458964,0.8703142688373408,1.0257584473778318,0.8615384615384616,0.882051282051282,0.8871794871794871,0.8769230769230769,0.1152321696898285,,,,,,,False,not_tested,candidate_pool_radar_signal,independent_radar_crosscheck_and_statistical_anomaly,AOI_level_temporal_environmental_context,verification_attempt_and_data_quality_status
HH_023_to_029_1324,HH_023_to_029,1324,90.1952947,22.4867342,5600,-0.25499186,-0.35902587,-0.20367706,0.5089515447616577,0.5054562091827393,0.3105007112026214,0.3112209141254425,0.33058762550354,0.3356657326221466,0.2340847551822662,0.2504643201828003,-0.2748667895793915,0.0200869143009185,350,1.9587255716323853,2.210092544555664,-4.172897815704346,10.414756774902344,-1.1375782489776611,4.7460713386535645,25.71428571428571,18.0,9.714285714285714,2026-07-02,1.8073930848038584,18.92466027599626,25.937018327722456,,16.12448162053782,5,2026-08-31,10.381618789578503,29.070141490512185,45.39761703543667,64.67995907626292,18.58417429620198,5,2026-08-19,1.518043506933424,15.6441127857508,68.99127927886214,139.20850416637344,31.4804791104002,7,2026-09-12,5.835262578200746,13.056935698630676,32.511206868680866,131.93132861140086,42.59894201577027,9,0.8031814304355951,0.8668729453219071,1.03227460369716,0.8923076923076924,0.8769230769230769,0.8923076923076924,0.8871794871794871,0.096550504743977,,,,,,,False,not_tested,candidate_pool_radar_signal,independent_radar_crosscheck_and_statistical_anomaly,AOI_level_temporal_environmental_context,verification_attempt_and_data_quality_status
HH_023_to_029_1370,HH_023_to_029,1370,90.1751873,22.4855679,4000,-0.3338231,-0.5409478,-0.21215296,0.5553640723228455,0.5736792683601379,0.304068922996521,0.3177087008953094,0.4286577701568603,0.4026425778865814,0.231355607509613,0.2398561239242553,-0.3240084648132324,0.1245888471603393,250,0.6510938405990601,0.7392774820327759,-4.444004058837891,5.181866645812988,-0.2668684720993042,1.7610087394714355,12.0,5.6000000000000005,2.8000000000000003,2026-07-02,1.8073930848038584,18.92466027599626,25.937018327722456,,16.12448162053782,5,2026-08-31,10.381618789578503,29.070141490512185,45.39761703543667,64.67995907626292,18.58417429620198,5,2026-08-19,1.518043506933424,15.6441127857508,68.99127927886214,139.20850416637344,31.4804791104002,7,2026-09-12,5.835262578200746,13.056935698630676,32.511206868680866,131.93132861140086,42.59894201577027,9,0.2697229514624472,0.3286734838471178,0.3854028153135701,0.0871794871794871,0.0769230769230769,0.0871794871794871,0.0837606837606837,0.0472290085266354,,,,,,,False,not_tested,candidate_pool_radar_signal,independent_radar_crosscheck_and_statistical_anomaly,AOI_level_temporal_environmental_context,verification_attempt_and_data_quality_status
HH_023_to_029_1371,HH_023_to_029,1371,90.1774231,22.4857966,4800,-0.29747486,-0.5074983,-0.2091856,0.5750054717063904,0.5796672701835632,0.342285692691803,0.3616388738155365,0.4117747843265533,0.4347020089626312,0.2810364067554474,0.2821923792362213,-0.293969064950943,0.0694890916347503,300,1.0247852802276611,0.8382465243339539,-4.527876377105713,7.119293689727783,-1.1344661712646484,3.085184335708618,27.666666666666668,15.0,5.0,2026-07-02,1.8073930848038584,18.92466027599626,25.937018327722456,,16.12448162053782,5,2026-08-31,10.381618789578503,29.070141490512185,45.39761703543667,64.67995907626292,18.58417429620198,5,2026-08-19,1.518043506933424,15.6441127857508,68.99127927886214,139.20850416637344,31.4804791104002,7,2026-09-12,5.835262578200746,13.056935698630676,32.511206868680866,131.93132861140086,42.59894201577027,9,0.2976783081750824,0.3182033156058565,0.3462043671573036,0.123076923076923,0.0615384615384615,0.0307692307692307,0.0717948717948718,0.0198888947750752,,,,,,,False,not_tested,candidate_pool_radar_signal,independent_radar_crosscheck_and_statistical_anomaly,AOI_level_temporal_environmental_context,verification_attempt_and_data_quality_status
HH_023_to_029_1376,HH_023_to_029,1376,90.2097673,22.4861813,10800,-0.26992527,-0.43944913,-0.20018983,0.5374505519866943,0.5446181297302246,0.2857698798179626,0.3142027258872986,0.3773095905780792,0.4127070903778076,0.2664728760719299,0.2746928632259369,-0.2709776759147644,0.0915397107601165,675,-0.1924402713775634,-0.5065488219261169,-5.530984878540039,6.9907636642456055,-1.821624994277954,1.4973883628845217,39.407407407407405,22.37037037037037,11.407407407407408,2026-07-02,1.8073930848038584,18.92466027599626,25.937018327722456,,16.12448162053782,5,2026-08-31,10.381618789578503,29.070141490512185,45.39761703543667,64.67995907626292,18.58417429620198,5,2026-08-19,1.518043506933424,15.6441127857508,68.99127927886214,139.20850416637344,31.4804791104002,7,2026-09-12,5.835262578200746,13.056935698630676,32.511206868680866,131.93132861140086,42.59894201577027,9,0.3905681122929725,0.448658561368359,0.5102690159444039,0.3384615384615385,0.3692307692307692,0.3794871794871794,0.3623931623931624,0.0488747318512862,,,,,,,False,not_tested,candidate_pool_radar_signal,independent_radar_crosscheck_and_statistical_anomaly,AOI_level_temporal_environmental_context,verification_attempt_and_data_quality_status
HH_023_to_029_1390,HH_023_to_029,1390,90.2062765,22.4855238,8400,-0.28937373,-0.53024745,-0.20032582,0.5280072689056396,0.5293170809745789,0.2639593780040741,0.2715901732444763,0.4098357856273651,0.4099553525447845,0.2489163279533386,0.2399433404207229,-0.279090940952301,0.145876407623291,525,0.427106499671936,0.7658045291900635,-7.990084648132324,8.526193618774414,-1.3636516332626345,2.558268547058105,28.76190476190476,19.047619047619047,12.761904761904765,2026-07-02,1.8073930848038584,18.92466027599626,25.937018327722456,,16.12448162053782,5,2026-08-31,10.381618789578503,29.070141490512185,45.39761703543667,64.67995907626292,18.58417429620198,5,2026-08-19,1.518043506933424,15.6441127857508,68.99127927886214,139.20850416637344,31.4804791104002,7,2026-09-12,5.835262578200746,13.056935698630676,32.511206868680866,131.93132861140086,42.59894201577027,9,0.4581865997884308,0.4938974844056057,0.5473834049294435,0.4871794871794871,0.441025641025641,0.4358974358974359,0.4547008547008547,0.0366546662510567,,,,,,,False,not_tested,candidate_pool_radar_signal,independent_radar_crosscheck_and_statistical_anomaly,AOI_level_temporal_environmental_context,verification_attempt_and_data_quality_status
HH_023_to_029_1405,HH_023_to_029,1405,90.2183989,22.4861574,4000,-0.35661513,-0.51891416,-0.23716812,0.5469614863395691,0.5527068376541138,0.2873821258544922,0.2673444747924804,0.2912011444568634,0.301652044057846,0.1796227097511291,0.1960917115211486,-0.3673387765884399,0.0038190186023712,250,0.5270819664001465,0.5849587321281433,-4.989842891693115,5.324963569641113,-1.0176831483840942,1.996513843536377,25.2,14.4,3.6,2026-07-02,1.8073930848038584,18.92466027599626,25.937018327722456,,16.12448162053782,5,2026-08-31,10.381618789578503,29.070141490512185,45.39761703543667,64.67995907626292,18.58417429620198,5,2026-08-19,1.518043506933424,15.6441127857508,68.99127927886214,139.20850416637344,31.4804791104002,7,2026-09-12,5.835262578200746,13.056935698630676,32.511206868680866,131.93132861140086,42.59894201577027,9,0.2696945671571576,0.3309894791847929,0.3906374869942522,0.082051282051282,0.0871794871794871,0.1076923076923077,0.0923076923076923,0.0493762661551689,,,,,,,False,not_tested,candidate_pool_radar_signal,independent_radar_crosscheck_and_statistical_anomaly,AOI_level_temporal_environmental_context,verification_attempt_and_data_quality_status
HH_023_to_029_1406,HH_023_to_029,1406,90.1508658,22.484634,6000,-0.2937501,-0.4019111,-0.22766525,0.6236016154289246,0.6165204644203186,0.243530660867691,0.2560696899890899,0.2929075062274933,0.3007165193557739,0.3351868093013763,0.3227702975273132,-0.2884148061275482,0.0493768453598022,375,-1.5867451429367063,-1.7344533205032349,-7.693577766418457,7.648684978485107,-3.4127254486083984,0.1935097575187683,64.53333333333333,44.8,30.933333333333334,2026-07-02,1.8073930848038584,18.92466027599626,25.937018327722456,,16.12448162053782,5,2026-08-31,10.381618789578503,29.070141490512185,45.39761703543667,64.67995907626292,18.58417429620198,5,2026-08-19,1.518043506933424,15.6441127857508,68.99127927886214,139.20850416637344,31.4804791104002,7,2026-09-12,5.835262578200746,13.056935698630676,32.511206868680866,131.93132861140086,42.59894201577027,9,0.5075064261141417,0.5695181870549868,0.6488788407944716,0.6,0.5846153846153846,0.5692307692307692,0.5846153846153846,0.0578597264362412,,,,,,,False,not_tested,candidate_pool_radar_signal,independent_radar_crosscheck_and_statistical_anomaly,AOI_level_temporal_environmental_context,verification_attempt_and_data_quality_status
HH_023_to_029_1413,HH_023_to_029,1413,90.2143675,22.4856889,4400,-0.27186638,-0.3797421,-0.2067714,0.5051100254058838,0.5386551022529602,0.2585455775260925,0.2694697082042694,0.3579789996147156,0.3476510941982269,0.236589178442955,0.2667886912822723,-0.2685208469629287,0.099433422088623,275,-1.5343997478485107,-1.5683982372283936,-6.080506324768066,3.4272572994232178,-3.072373390197754,-0.4976870417594909,61.09090909090909,42.18181818181818,26.181818181818183,2026-07-02,1.8073930848038584,18.92466027599626,25.937018327722456,,16.12448162053782,5,2026-08-31,10.381618789578503,29.070141490512185,45.39761703543667,64.67995907626292,18.58417429620198,5,2026-08-19,1.518043506933424,15.6441127857508,68.99127927886214,139.20850416637344,31.4804791104002,7,2026-09-12,5.835262578200746,13.056935698630676,32.511206868680866,131.93132861140086,42.59894201577027,9,0.598114130443764,0.7106684320966627,0.8597268732001649,0.7128205128205128,0.7743589743589744,0.8153846153846154,0.7675213675213675,0.1071489704711802,,,,,,,False,not_tested,candidate_pool_radar_signal,independent_radar_crosscheck_and_statistical_anomaly,AOI_level_temporal_environmental_context,verification_attempt_and_data_quality_status
HH_023_to_029_1453,HH_023_to_029,1453,90.1706977,22.4842653,7600,-0.28248176,-0.3932278,-0.2170747,0.5737519264221191,0.5684839487075806,0.27862548828125,0.2804042100906372,0.4417773783206939,0.4314115047454834,0.2975929677486419,0.2860022485256195,-0.2761589586734772,0.1631518900394439,475,-0.8017044067382812,-0.5764964818954468,-9.42995834350586,6.19927453994751,-2.0793004035949707,0.4407878220081329,41.68421052631579,26.105263157894736,13.894736842105262,2026-07-02,1.8073930848038584,18.92466027599626,25.937018327722456,,16.12448162053782,5,2026-08-31,10.381618789578503,29.070141490512185,45.39761703543667,64.67995907626292,18.58417429620198,5,2026-08-19,1.518043506933424,15.6441127857508,68.99127927886214,139.20850416637344,31.4804791104002,7,2026-09-12,5.835262578200746,13.056935698630676,32.511206868680866,131.93132861140086,42.59894201577027,9,0.4553724822608111,0.514461794768871,0.5619887316934089,0.482051282051282,0.4717948717948718,0.4512820512820513,0.4683760683760683,0.0436111367392143,,,,,,,False,not_tested,candidate_pool_radar_signal,independent_radar_crosscheck_and_statistical_anomaly,AOI_level_temporal_environmental_context,verification_attempt_and_data_quality_status
HH_023_to_029_1461,HH_023_to_029,1461,90.2043445,22.484749,5200,-0.33340663,-0.52583885,-0.21067908,0.6180790066719055,0.604336142539978,0.3879691064357757,0.3567486405372619,0.4132359325885772,0.4000001549720764,0.2326431572437286,0.2709294855594635,-0.3854358494281769,0.0252668261528015,325,1.0368913412094116,0.959087073802948,-4.009801387786865,5.92103910446167,-0.0389594286680221,2.04710054397583,10.461538461538462,3.692307692307693,0.9230769230769232,2026-07-02,1.8073930848038584,18.92466027599626,25.937018327722456,,16.12448162053782,5,2026-08-31,10.381618789578503,29.070141490512185,45.39761703543667,64.67995907626292,18.58417429620198,5,2026-08-19,1.518043506933424,15.6441127857508,68.99127927886214,139.20850416637344,31.4804791104002,7,2026-09-12,5.835262578200746,13.056935698630676,32.511206868680866,131.93132861140086,42.59894201577027,9,0.3022969476265999,0.3535586850791642,0.401899179959406,0.1282051282051282,0.1435897435897435,0.1435897435897435,0.1384615384615384,0.0406682702656514,,,,,,,False,not_tested,candidate_pool_radar_signal,independent_radar_crosscheck_and_statistical_anomaly,AOI_level_temporal_environmental_context,verification_attempt_and_data_quality_status
HH_023_to_029_1464,HH_023_to_029,1464,90.2138756,22.4846793,4400,-0.2560585,-0.31958565,-0.21976724,0.5482988357543945,0.5757275223731995,0.3024898171424866,0.3424536883831024,0.4922866225242615,0.4589578509330749,0.3075267970561981,0.3196690380573272,-0.2407720386981964,0.1897968053817749,275,1.2819751501083374,0.9510875940322876,-5.037879943847656,7.1360039710998535,-0.6184227466583252,2.729066848754883,17.09090909090909,5.090909090909091,2.181818181818182,2026-07-02,1.8073930848038584,18.92466027599626,25.937018327722456,,16.12448162053782,5,2026-08-31,10.381618789578503,29.070141490512185,45.39761703543667,64.67995907626292,18.58417429620198,5,2026-08-19,1.518043506933424,15.6441127857508,68.99127927886214,139.20850416637344,31.4804791104002,7,2026-09-12,5.835262578200746,13.056935698630676,32.511206868680866,131.93132861140086,42.59894201577027,9,0.3130347164232405,0.3454950593129358,0.3842009028715674,0.1487179487179487,0.123076923076923,0.0769230769230769,0.1162393162393162,0.0290907436207997,,,,,,,False,not_tested,candidate_pool_radar_signal,independent_radar_crosscheck_and_statistical_anomaly,AOI_level_temporal_environmental_context,verification_attempt_and_data_quality_status
HH_023_to_029_1470,HH_023_to_029,1470,90.180585,22.4842122,7200,-0.30014116,-0.43093565,-0.21503042,0.4646217823028564,0.473979115486145,0.2875275015830993,0.2881160974502563,0.3404626250267029,0.3432522416114807,0.1598790735006332,0.1738379150629043,-0.3047427088022232,0.0529351234436035,450,-3.212897777557373,-3.45945405960083,-11.308788299560549,6.70659065246582,-5.8755292892456055,-0.8281269073486328,73.55555555555556,61.33333333333333,54.888888888888886,2026-07-02,1.8073930848038584,18.92466027599626,25.937018327722456,,16.12448162053782,5,2026-08-31,10.381618789578503,29.070141490512185,45.39761703543667,64.67995907626292,18.58417429620198,5,2026-08-19,1.518043506933424,15.6441127857508,68.99127927886214,139.20850416637344,31.4804791104002,7,2026-09-12,5.835262578200746,13.056935698630676,32.511206868680866,131.93132861140086,42.59894201577027,9,0.802968386934094,0.9464105724869276,1.0996182416307714,0.8871794871794871,0.9025641025641026,0.9076923076923076,0.8991452991452991,0.1211286674813297,,,,,,,False,not_tested,candidate_pool_radar_signal,independent_radar_crosscheck_and_statistical_anomaly,AOI_level_temporal_environmental_context,verification_attempt_and_data_quality_status
HH_023_to_029_1492,HH_023_to_029,1492,90.2177394,22.4846476,4800,-0.2790325,-0.3702683,-0.20560871,0.4637659192085266,0.4584159553050995,0.2841255068778991,0.2623405754566192,0.4180351495742798,0.3860314190387726,0.1598218083381652,0.1793834716081619,-0.3039441108703613,0.1339096426963806,300,1.9122933149337769,1.9286963939666748,-4.197489738464356,9.177545547485352,0.7384597659111023,3.064694881439209,10.0,2.333333333333333,1.0,2026-07-02,1.8073930848038584,18.92466027599626,25.937018327722456,,16.12448162053782,5,2026-08-31,10.381618789578503,29.070141490512185,45.39761703543667,64.67995907626292,18.58417429620198,5,2026-08-19,1.518043506933424,15.6441127857508,68.99127927886214,139.20850416637344,31.4804791104002,7,2026-09-12,5.835262578200746,13.056935698630676,32.511206868680866,131.93132861140086,42.59894201577027,9,0.5968333251322228,0.7107523741439165,0.826552019450955,0.7076923076923077,0.7794871794871795,0.7846153846153846,0.7572649572649572,0.0937833117709043,,,,,,,False,not_tested,candidate_pool_radar_signal,independent_radar_crosscheck_and_statistical_anomaly,AOI_level_temporal_environmental_context,verification_attempt_and_data_quality_status
HH_023_to_029_1501,HH_023_to_029,1501,90.2082221,22.4843024,7200,-0.30206686,-0.56861186,-0.21742362,0.6429468393325806,0.6538354158401489,0.3257646858692169,0.3280534446239471,0.4922329783439636,0.4697290956974029,0.3392592072486877,0.3517686128616333,-0.3036876320838928,0.1664682924747467,450,1.3554348945617676,1.176644802093506,-4.48508882522583,8.067853927612305,-0.564959704875946,3.247409105300904,17.555555555555554,6.666666666666667,2.2222222222222223,2026-07-02,1.8073930848038584,18.92466027599626,25.937018327722456,,16.12448162053782,5,2026-08-31,10.381618789578503,29.070141490512185,45.39761703543667,64.67995907626292,18.58417429620198,5,2026-08-19,1.518043506933424,15.6441127857508,68.99127927886214,139.20850416637344,31.4804791104002,7,2026-09-12,5.835262578200746,13.056935698630676,32.511206868680866,131.93132861140086,42.59894201577027,9,0.3934216222039055,0.4495680454026921,0.4921082982544245,0.3487179487179487,0.3794871794871794,0.358974358974359,0.3623931623931624,0.0404161051240806,,,,,,,False,not_tested,candidate_pool_radar_signal,independent_radar_crosscheck_and_statistical_anomaly,AOI_level_temporal_environmental_context,verification_attempt_and_data_quality_status
HH_023_to_029_1505,HH_023_to_029,1505,90.16235,22.4835009,5200,-0.24746254,-0.31807384,-0.20215261,0.461698055267334,0.4904676675796509,0.2660252153873443,0.2706506252288818,0.3137915730476379,0.306925505399704,0.2334114611148834,0.2430051416158676,-0.2282865941524505,0.0477663576602935,325,-1.398852825164795,-0.850379228591919,-8.68404769897461,3.716408252716065,-3.090747833251953,0.5987306237220764,48.61538461538461,33.84615384615385,25.23076923076923,2026-07-02,1.8073930848038584,18.92466027599626,25.937018327722456,,16.12448162053782,5,2026-08-31,10.381618789578503,29.070141490512185,45.39761703543667,64.67995907626292,18.58417429620198,5,2026-08-19,1.518043506933424,15.6441127857508,68.99127927886214,139.20850416637344,31.4804791104002,7,2026-09-12,5.835262578200746,13.056935698630676,32.511206868680866,131.93132861140086,42.59894201577027,9,0.5079077777948154,0.6209262768383839,0.7104635073017178,0.6051282051282051,0.6666666666666666,0.6717948717948717,0.6478632478632478,0.0828780364425666,,,,,,,False,not_tested,candidate_pool_radar_signal,independent_radar_crosscheck_and_statistical_anomaly,AOI_level_temporal_environmental_context,verification_attempt_and_data_quality_status
HH_023_to_029_1525,HH_023_to_029,1525,90.1991607,22.4835584,11200,-0.2916741,-0.4186345,-0.20237513,0.5316106081008911,0.5516589879989624,0.2936791777610779,0.2743188142776489,0.4139233827590942,0.368705689907074,0.2494202852249145,0.2599848806858063,-0.2821903228759765,0.1202442049980163,700,-0.4210891723632812,-0.4666062593460083,-5.095277309417725,6.631941795349121,-1.9831849336624143,0.784456729888916,41.285714285714285,24.285714285714285,10.285714285714285,2026-07-02,1.8073930848038584,18.92466027599626,25.937018327722456,,16.12448162053782,5,2026-08-31,10.381618789578503,29.070141490512185,45.39761703543667,64.67995907626292,18.58417429620198,5,2026-08-19,1.518043506933424,15.6441127857508,68.99127927886214,139.20850416637344,31.4804791104002,7,2026-09-12,5.835262578200746,13.056935698630676,32.511206868680866,131.93132861140086,42.59894201577027,9,0.3530782062569506,0.3995553509782868,0.4692306079559769,0.2358974358974359,0.241025641025641,0.2871794871794871,0.2547008547008547,0.0477332249030509,,,,,,,False,not_tested,candidate_pool_radar_signal,independent_radar_crosscheck_and_statistical_anomaly,AOI_level_temporal_environmental_context,verification_attempt_and_data_quality_status
HH_023_to_029_1536,HH_023_to_029,1536,90.1976151,22.4835072,5200,-0.27042386,-0.3302282,-0.21054795,0.6171997785568237,0.6292436122894287,0.3024534583091736,0.3263784646987915,0.2536233067512512,0.2678195238113403,0.3586160242557525,0.3588197827339172,-0.2585837543010711,-0.0488301515579223,325,-3.7799906730651855,-3.917623519897461,-11.38877010345459,3.6618974208831774,-6.686650276184082,-0.5419064164161682,71.6923076923077,64.0,58.15384615384615,2026-07-02,1.8073930848038584,18.92466027599626,25.937018327722456,,16.12448162053782,5,2026-08-31,10.381618789578503,29.070141490512185,45.39761703543667,64.67995907626292,18.58417429620198,5,2026-08-19,1.518043506933424,15.6441127857508,68.99127927886214,139.20850416637344,31.4804791104002,7,2026-09-12,5.835262578200746,13.056935698630676,32.511206868680866,131.93132861140086,42.59894201577027,9,1.1345897487822072,1.3314159643727013,1.4774001568946864,0.9435897435897436,0.9435897435897436,0.9487179487179488,0.9452991452991452,0.1404638820797464,,,,,,,False,not_tested,candidate_pool_radar_signal,independent_radar_crosscheck_and_statistical_anomaly,AOI_level_temporal_environmental_context,verification_attempt_and_data_quality_status
HH_023_to_029_1552,HH_023_to_029,1552,90.1543896,22.4824414,4400,-0.3294071,-0.43768978,-0.22778523,0.6253920793533325,0.6205105185508728,0.2983345985412597,0.2925459444522857,0.3227416276931762,0.3406904935836792,0.2750102877616882,0.2911034226417541,-0.3503817915916443,0.0244070291519165,275,1.6015784740447998,1.7131993770599363,-4.16903829574585,6.129183292388916,0.0800718739628791,3.1643762588500977,10.545454545454543,6.181818181818182,1.818181818181818,2026-07-02,1.8073930848038584,18.92466027599626,25.937018327722456,,16.12448162053782,5,2026-08-31,10.381618789578503,29.070141490512185,45.39761703543667,64.67995907626292,18.58417429620198,5,2026-08-19,1.518043506933424,15.6441127857508,68.99127927886214,139.20850416637344,31.4804791104002,7,2026-09-12,5.835262578200746,13.056935698630676,32.511206868680866,131.93132861140086,42.59894201577027,9,0.4045751211342601,0.4507370861951905,0.5148406399068892,0.3794871794871794,0.3846153846153846,0.3897435897435897,0.3846153846153846,0.0452139079474842,,,,,,,False,not_tested,candidate_pool_radar_signal,independent_radar_crosscheck_and_statistical_anomaly,AOI_level_temporal_environmental_context,verification_attempt_and_data_quality_status
HH_023_to_029_1564,HH_023_to_029,1564,90.164588,22.4822465,7200,-0.30124715,-0.38787207,-0.21072078,0.5276287198066711,0.5277886986732483,0.3123104572296142,0.3094939589500427,0.2435556054115295,0.2583470046520233,0.2261860966682434,0.2265415489673614,-0.3014426231384277,-0.0687548518180847,450,0.2058636546134948,-0.062599129974842,-4.106770038604736,7.608741760253906,-1.309659719467163,1.3814363479614258,30.88888888888889,12.666666666666668,3.111111111111111,2026-07-02,1.8073930848038584,18.92466027599626,25.937018327722456,,16.12448162053782,5,2026-08-31,10.381618789578503,29.070141490512185,45.39761703543667,64.67995907626292,18.58417429620198,5,2026-08-19,1.518043506933424,15.6441127857508,68.99127927886214,139.20850416637344,31.4804791104002,7,2026-09-12,5.835262578200746,13.056935698630676,32.511206868680866,131.93132861140086,42.59894201577027,9,0.2717250282311119,0.3840420502848491,0.4742853210402391,0.0923076923076923,0.2205128205128205,0.2923076923076923,0.2017094017094017,0.0828584023651659,,,,,,,False,not_tested,candidate_pool_radar_signal,independent_radar_crosscheck_and_statistical_anomaly,AOI_level_temporal_environmental_context,verification_attempt_and_data_quality_status
HH_023_to_029_1566,HH_023_to_029,1566,90.1807522,22.4825931,4400,-0.29717013,-0.46260786,-0.20153467,0.5420461893081665,0.5415402054786682,0.2692757546901703,0.2621839642524719,0.2943786084651947,0.3038983047008514,0.2459815293550491,0.244370087981224,-0.2960646599531173,0.0251028537750244,275,-0.3955021202564239,-0.5132891535758972,-5.785795211791992,5.463339805603027,-1.852107048034668,1.1353187561035156,40.36363636363636,22.181818181818183,9.454545454545457,2026-07-02,1.8073930848038584,18.92466027599626,25.937018327722456,,16.12448162053782,5,2026-08-31,10.381618789578503,29.070141490512185,45.39761703543667,64.67995907626292,18.58417429620198,5,2026-08-19,1.518043506933424,15.6441127857508,68.99127927886214,139.20850416637344,31.4804791104002,7,2026-09-12,5.835262578200746,13.056935698630676,32.511206868680866,131.93132861140086,42.59894201577027,9,0.3142114350181314,0.3548705034003888,0.3981647363920571,0.1589743589743589,0.1487179487179487,0.1384615384615384,0.1487179487179487,0.034279419260657,,,,,,,False,not_tested,candidate_pool_radar_signal,independent_radar_crosscheck_and_statistical_anomaly,AOI_level_temporal_environmental_context,verification_attempt_and_data_quality_status
HH_023_to_029_1570,HH_023_to_029,1570,90.208848,22.4830591,7600,-0.28315037,-0.36925265,-0.20520543,0.499487042427063,0.5193922519683838,0.3016402125358581,0.3148606717586517,0.331256091594696,0.3480403423309326,0.2272137403488159,0.2362418621778488,-0.272273302078247,0.0296158790588378,475,0.4288294017314911,0.6592407822608948,-6.322751998901367,7.18049430847168,-1.3443297147750854,2.32539701461792,28.631578947368418,19.789473684210527,11.157894736842106,2026-07-02,1.8073930848038584,18.92466027599626,25.937018327722456,,16.12448162053782,5,2026-08-31,10.381618789578503,29.070141490512185,45.39761703543667,64.67995907626292,18.58417429620198,5,2026-08-19,1.518043506933424,15.6441127857508,68.99127927886214,139.20850416637344,31.4804791104002,7,2026-09-12,5.835262578200746,13.056935698630676,32.511206868680866,131.93132861140086,42.59894201577027,9,0.3156091550066267,0.3533495868601947,0.4083784365269631,0.1641025641025641,0.1384615384615384,0.1641025641025641,0.1555555555555555,0.038091489405175,,,,,,,False,not_tested,candidate_pool_radar_signal,independent_radar_crosscheck_and_statistical_anomaly,AOI_level_temporal_environmental_context,verification_attempt_and_data_quality_status
HH_023_to_029_1582,HH_023_to_029,1582,90.2178366,22.4832953,7200,-0.36755314,-0.5264123,-0.21653688,0.6845067739486694,0.6569942235946655,0.2978482544422149,0.2777456939220428,0.457265168428421,0.4074608385562897,0.2694101929664612,0.2894410789012909,-0.4150965809822082,0.159416913986206,450,1.038076400756836,1.0655276775360107,-4.868724346160889,7.938266754150391,-0.2389510720968246,2.2791061401367188,15.555555555555555,7.777777777777778,4.222222222222222,2026-07-02,1.8073930848038584,18.92466027599626,25.937018327722456,,16.12448162053782,5,2026-08-31,10.381618789578503,29.070141490512185,45.39761703543667,64.67995907626292,18.58417429620198,5,2026-08-19,1.518043506933424,15.6441127857508,68.99127927886214,139.20850416637344,31.4804791104002,7,2026-09-12,5.835262578200746,13.056935698630676,32.511206868680866,131.93132861140086,42.59894201577027,9,0.3312563363651258,0.3839615083304954,0.4224345192246008,0.2102564102564102,0.2153846153846154,0.2051282051282051,0.2102564102564102,0.0373741870944119,,,,,,,False,not_tested,candidate_pool_radar_signal,independent_radar_crosscheck_and_statistical_anomaly,AOI_level_temporal_environmental_context,verification_attempt_and_data_quality_status
HH_023_to_029_1598,HH_023_to_029,1598,90.1724785,22.4821654,5200,-0.25400016,-0.38937765,-0.21301904,0.4863786399364471,0.5042555928230286,0.2132074683904647,0.2321620285511016,0.2393174916505813,0.2632889747619629,0.2602290213108063,0.2502554059028625,-0.2261496186256408,0.0261100232601165,325,0.735183596611023,0.631771445274353,-3.103477478027344,5.467674732208252,-0.7687581777572632,1.880375862121582,19.384615384615383,7.384615384615385,0.6153846153846154,2026-07-02,1.8073930848038584,18.92466027599626,25.937018327722456,,16.12448162053782,5,2026-08-31,10.381618789578503,29.070141490512185,45.39761703543667,64.67995907626292,18.58417429620198,5,2026-08-19,1.518043506933424,15.6441127857508,68.99127927886214,139.20850416637344,31.4804791104002,7,2026-09-12,5.835262578200746,13.056935698630676,32.511206868680866,131.93132861140086,42.59894201577027,9,0.3652789296358678,0.4085301650342964,0.4774214721664998,0.2769230769230769,0.2564102564102564,0.3076923076923077,0.2803418803418803,0.0461791576448708,,,,,,,False,not_tested,candidate_pool_radar_signal,independent_radar_crosscheck_and_statistical_anomaly,AOI_level_temporal_environmental_context,verification_attempt_and_data_quality_status
HH_023_to_029_1628,HH_023_to_029,1628,90.1614775,22.4815178,4000,-0.3152384,-0.40801585,-0.21537423,0.6107136607170105,0.6226144433021545,0.3561786413192749,0.3607069551944732,0.2624164521694183,0.2861908078193664,0.2941952347755432,0.3073760569095611,-0.3165184259414673,-0.0937621891498565,250,-0.8526296019554138,-0.4454201459884643,-12.505743026733398,3.4912915229797363,-1.514428734779358,0.9178190231323242,37.2,20.0,14.000000000000002,2026-07-02,1.8073930848038584,18.92466027599626,25.937018327722456,,16.12448162053782,5,2026-08-31,10.381618789578503,29.070141490512185,45.39761703543667,64.67995907626292,18.58417429620198,5,2026-08-19,1.518043506933424,15.6441127857508,68.99127927886214,139.20850416637344,31.4804791104002,7,2026-09-12,5.835262578200746,13.056935698630676,32.511206868680866,131.93132861140086,42.59894201577027,9,1.1219887028605389,1.2563456872887209,1.3443889260673487,0.9384615384615383,0.9333333333333332,0.9282051282051282,0.9333333333333332,0.091448388869657,,,,,,,False,not_tested,candidate_pool_radar_signal,independent_radar_crosscheck_and_statistical_anomaly,AOI_level_temporal_environmental_context,verification_attempt_and_data_quality_status
HH_023_to_029_1640,HH_023_to_029,1640,90.2182324,22.4821097,7600,-0.32185107,-0.5647504,-0.202241,0.7020473480224609,0.6869997382164001,0.4342662096023559,0.4132373332977295,0.3925521969795227,0.4110330939292907,0.3250744044780731,0.365148663520813,-0.3769729435443878,-0.0417140126228332,475,1.7227190732955933,1.9021246433258057,-9.72054958343506,9.038954734802246,-0.4688289761543274,4.496020793914795,20.21052631578948,14.526315789473683,8.842105263157894,2026-07-02,1.8073930848038584,18.92466027599626,25.937018327722456,,16.12448162053782,5,2026-08-31,10.381618789578503,29.070141490512185,45.39761703543667,64.67995907626292,18.58417429620198,5,2026-08-19,1.518043506933424,15.6441127857508,68.99127927886214,139.20850416637344,31.4804791104002,7,2026-09-12,5.835262578200746,13.056935698630676,32.511206868680866,131.93132861140086,42.59894201577027,9,0.7962159231366662,0.8592659537967222,0.9697978302583076,0.882051282051282,0.8666666666666667,0.8769230769230769,0.8752136752136752,0.0717428126948687,,,,,,,False,not_tested,candidate_pool_radar_signal,independent_radar_crosscheck_and_statistical_anomaly,AOI_level_temporal_environmental_context,verification_attempt_and_data_quality_status
HH_023_to_029_1644,HH_023_to_029,1644,90.176924,22.481525,4400,-0.2788056,-0.38959473,-0.20513502,0.5477647185325623,0.5653828978538513,0.3241105675697326,0.3391159474849701,0.3849058747291565,0.3996849954128265,0.2363020032644271,0.2865773439407348,-0.311462715268135,0.0607953071594238,275,-0.6336820721626282,-0.7793208360671997,-4.230735778808594,6.997487545013428,-2.1998932361602783,0.7551386952400208,47.27272727272727,28.363636363636363,13.090909090909092,2026-07-02,1.8073930848038584,18.92466027599626,25.937018327722456,,16.12448162053782,5,2026-08-31,10.381618789578503,29.070141490512185,45.39761703543667,64.67995907626292,18.58417429620198,5,2026-08-19,1.518043506933424,15.6441127857508,68.99127927886214,139.20850416637344,31.4804791104002,7,2026-09-12,5.835262578200746,13.056935698630676,32.511206868680866,131.93132861140086,42.59894201577027,9,0.4910210238686862,0.5679755765331628,0.6459677776281836,0.5538461538461539,0.5794871794871795,0.5641025641025641,0.5658119658119658,0.0632572201483243,,,,,,,False,not_tested,candidate_pool_radar_signal,independent_radar_crosscheck_and_statistical_anomaly,AOI_level_temporal_environmental_context,verification_attempt_and_data_quality_status
HH_023_to_029_1653,HH_023_to_029,1653,90.1711812,22.4810025,4000,-0.26117247,-0.38293156,-0.20161483,0.4507311582565307,0.4697547852993011,0.2114234268665313,0.2132850885391235,0.1973406374454498,0.180193156003952,0.1744113564491272,0.2085823565721511,-0.2763198018074035,-0.0140827894210815,250,-2.348923921585083,-2.257699966430664,-11.97625732421875,2.5054714679718018,-3.290895462036133,-0.777657687664032,69.6,56.00000000000001,32.4,2026-07-02,1.8073930848038584,18.92466027599626,25.937018327722456,,16.12448162053782,5,2026-08-31,10.381618789578503,29.070141490512185,45.39761703543667,64.67995907626292,18.58417429620198,5,2026-08-19,1.518043506933424,15.6441127857508,68.99127927886214,139.20850416637344,31.4804791104002,7,2026-09-12,5.835262578200746,13.056935698630676,32.511206868680866,131.93132861140086,42.59894201577027,9,1.0352431470663912,1.169219237814293,1.2928464053853854,0.9282051282051282,0.9282051282051282,0.9230769230769232,0.9264957264957264,0.105194374664926,,,,,,,False,not_tested,candidate_pool_radar_signal,independent_radar_crosscheck_and_statistical_anomaly,AOI_level_temporal_environmental_context,verification_attempt_and_data_quality_status
HH_023_to_029_1659,HH_023_to_029,1659,90.1997243,22.4817565,5600,-0.2898517,-0.41906178,-0.20599192,0.6041805744171143,0.6065441966056824,0.3470559418201446,0.3496913909912109,0.3981428742408752,0.3908625543117523,0.3208625912666321,0.316692590713501,-0.2833179831504822,0.0510869324207305,350,-0.0292321778833866,-0.2463094890117645,-6.440378189086914,5.263495445251465,-1.3449018001556396,1.747971773147583,32.0,18.571428571428573,12.285714285714286,2026-07-02,1.8073930848038584,18.92466027599626,25.937018327722456,,16.12448162053782,5,2026-08-31,10.381618789578503,29.070141490512185,45.39761703543667,64.67995907626292,18.58417429620198,5,2026-08-19,1.518043506933424,15.6441127857508,68.99127927886214,139.20850416637344,31.4804791104002,7,2026-09-12,5.835262578200746,13.056935698630676,32.511206868680866,131.93132861140086,42.59894201577027,9,0.2906825388485538,0.3559310793417828,0.4159655600438963,0.1128205128205128,0.1538461538461538,0.2,0.1555555555555555,0.0511613420785455,,,,,,,False,not_tested,candidate_pool_radar_signal,independent_radar_crosscheck_and_statistical_anomaly,AOI_level_temporal_environmental_context,verification_attempt_and_data_quality_status
HH_023_to_029_1704,HH_023_to_029,1704,90.1672148,22.4802288,4000,-0.31531784,-0.4664788,-0.20659605,0.5513931512832642,0.5522064566612244,0.2898415327072143,0.2875716686248779,0.3816374540328979,0.3695467114448547,0.2189524471759796,0.2368886768817901,-0.3324407041072845,0.0917959213256836,250,0.3940906822681427,1.0195355415344238,-6.14919900894165,6.83582878112793,-1.1805486679077148,2.121870517730713,26.8,20.0,12.0,2026-07-02,1.8073930848038584,18.92466027599626,25.937018327722456,,16.12448162053782,5,2026-08-31,10.381618789578503,29.070141490512185,45.39761703543667,64.67995907626292,18.58417429620198,5,2026-08-19,1.518043506933424,15.6441127857508,68.99127927886214,139.20850416637344,31.4804791104002,7,2026-09-12,5.835262578200746,13.056935698630676,32.511206868680866,131.93132861140086,42.59894201577027,9,0.3695793092390628,0.4084974525133036,0.4630400350138638,0.282051282051282,0.2512820512820513,0.2717948717948718,0.2683760683760683,0.0383324962866543,,,,,,,False,not_tested,candidate_pool_radar_signal,independent_radar_crosscheck_and_statistical_anomaly,AOI_level_temporal_environmental_context,verification_attempt_and_data_quality_status
HH_023_to_029_1728,HH_023_to_029,1728,90.1568306,22.4795073,4800,-0.31962493,-0.53246444,-0.21327081,0.5436596870422363,0.5386155247688293,0.3564028441905975,0.3422411382198334,0.3513422012329101,0.341795414686203,0.1959517002105713,0.2189906239509582,-0.347707986831665,-0.0050606429576873,300,-0.3360783159732818,-0.4410099387168884,-5.135993957519531,5.8182220458984375,-2.01203989982605,1.3752936124801636,42.66666666666667,25.333333333333336,10.666666666666668,2026-07-02,1.8073930848038584,18.92466027599626,25.937018327722456,,16.12448162053782,5,2026-08-31,10.381618789578503,29.070141490512185,45.39761703543667,64.67995907626292,18.58417429620198,5,2026-08-19,1.518043506933424,15.6441127857508,68.99127927886214,139.20850416637344,31.4804791104002,7,2026-09-12,5.835262578200746,13.056935698630676,32.511206868680866,131.93132861140086,42.59894201577027,9,0.3187693343631051,0.3397950014336718,0.3865618733148705,0.1692307692307692,0.0974358974358974,0.0923076923076923,0.1196581196581196,0.0283334261152233,,,,,,,False,not_tested,candidate_pool_radar_signal,independent_radar_crosscheck_and_statistical_anomaly,AOI_level_temporal_environmental_context,verification_attempt_and_data_quality_status
HH_023_to_029_1754,HH_023_to_029,1754,90.1509674,22.4790803,6400,-0.27134958,-0.41082513,-0.20155446,0.4374834895133972,0.4628911912441253,0.2351827919483184,0.2498523294925689,0.2100411802530288,0.2226777672767639,0.1700406670570373,0.1915416121482849,-0.2674428224563598,-0.0251416116952896,400,0.793683648109436,1.037369966506958,-6.0832109451293945,6.08708381652832,-0.9716771841049194,2.307920455932617,25.0,11.5,7.000000000000001,2026-07-02,1.8073930848038584,18.92466027599626,25.937018327722456,,16.12448162053782,5,2026-08-31,10.381618789578503,29.070141490512185,45.39761703543667,64.67995907626292,18.58417429620198,5,2026-08-19,1.518043506933424,15.6441127857508,68.99127927886214,139.20850416637344,31.4804791104002,7,2026-09-12,5.835262578200746,13.056935698630676,32.511206868680866,131.93132861140086,42.59894201577027,9,0.3777121514486884,0.4172833920728787,0.4529671861462142,0.3128205128205128,0.2717948717948718,0.2461538461538461,0.2769230769230769,0.0307363998674961,,,,,,,False,not_tested,candidate_pool_radar_signal,independent_radar_crosscheck_and_statistical_anomaly,AOI_level_temporal_environmental_context,verification_attempt_and_data_quality_status
HH_023_to_029_1755,HH_023_to_029,1755,90.154537,22.4785472,12400,-0.28986123,-0.46020025,-0.2004619,0.5976436138153076,0.6165243983268738,0.3452857434749603,0.3573926985263824,0.3603569865226745,0.3675394654273987,0.3002682328224182,0.3266631066799164,-0.2973753809928894,0.0150712430477142,775,-2.5722527503967285,-2.267162799835205,-10.626651763916016,7.099530220031738,-5.053437232971191,-0.4404527246952057,67.61290322580645,53.5483870967742,42.32258064516129,2026-07-02,1.8073930848038584,18.92466027599626,25.937018327722456,,16.12448162053782,5,2026-08-31,10.381618789578503,29.070141490512185,45.39761703543667,64.67995907626292,18.58417429620198,5,2026-08-19,1.518043506933424,15.6441127857508,68.99127927886214,139.20850416637344,31.4804791104002,7,2026-09-12,5.835262578200746,13.056935698630676,32.511206868680866,131.93132861140086,42.59894201577027,9,0.5136927614777439,0.5471803366325536,0.6697767622894438,0.6102564102564103,0.5384615384615384,0.5948717948717949,0.5811965811965812,0.0670932324646343,,,,,,,False,not_tested,candidate_pool_radar_signal,independent_radar_crosscheck_and_statistical_anomaly,AOI_level_temporal_environmental_context,verification_attempt_and_data_quality_status
HH_023_to_029_1781,HH_023_to_029,1781,90.2074362,22.4796853,4000,-0.29906875,-0.39205593,-0.20023817,0.691429615020752,0.7048985958099365,0.2968559861183166,0.3686330318450928,0.4170807600021362,0.4072255194187164,0.4165556728839874,0.4058298468589782,-0.2748739421367645,0.1202247738838195,250,0.0886897519230842,0.8390192985534668,-10.091598510742188,6.557292461395264,-1.796314001083374,2.300121784210205,29.6,23.6,18.4,2026-07-02,1.8073930848038584,18.92466027599626,25.937018327722456,,16.12448162053782,5,2026-08-31,10.381618789578503,29.070141490512185,45.39761703543667,64.67995907626292,18.58417429620198,5,2026-08-19,1.518043506933424,15.6441127857508,68.99127927886214,139.20850416637344,31.4804791104002,7,2026-09-12,5.835262578200746,13.056935698630676,32.511206868680866,131.93132861140086,42.59894201577027,9,0.598215220568577,0.6695300533745081,0.7328218988832794,0.717948717948718,0.7230769230769231,0.7128205128205128,0.717948717948718,0.0549854737715758,,,,,,,False,not_tested,candidate_pool_radar_signal,independent_radar_crosscheck_and_statistical_anomaly,AOI_level_temporal_environmental_context,verification_attempt_and_data_quality_status
HH_023_to_029_1785,HH_023_to_029,1785,90.1569917,22.4784922,7200,-0.34149015,-0.52263176,-0.24199381,0.6115399599075317,0.6082162261009216,0.3883703649044037,0.37859708070755,0.3573166728019714,0.3837305307388305,0.2965513467788696,0.2667260766029358,-0.3149886131286621,-0.0310536921024322,450,-1.8763717412948608,-1.359199047088623,-11.24119758605957,5.849533557891846,-3.8429901599884033,0.2068144381046295,56.888888888888886,41.55555555555556,31.333333333333336,2026-07-02,1.8073930848038584,18.92466027599626,25.937018327722456,,16.12448162053782,5,2026-08-31,10.381618789578503,29.070141490512185,45.39761703543667,64.67995907626292,18.58417429620198,5,2026-08-19,1.518043506933424,15.6441127857508,68.99127927886214,139.20850416637344,31.4804791104002,7,2026-09-12,5.835262578200746,13.056935698630676,32.511206868680866,131.93132861140086,42.59894201577027,9,0.564471421131142,0.6118546182067763,0.6875298419055409,0.676923076923077,0.6410256410256411,0.6410256410256411,0.652991452991453,0.0506790355192531,,,,,,,False,not_tested,candidate_pool_radar_signal,independent_radar_crosscheck_and_statistical_anomaly,AOI_level_temporal_environmental_context,verification_attempt_and_data_quality_status
HH_023_to_029_1786,HH_023_to_029,1786,90.1647003,22.4790948,4400,-0.30959058,-0.43591607,-0.23035353,0.6266696453094482,0.6520923972129822,0.2505957782268524,0.2612613439559936,0.3329569399356842,0.3638672530651092,0.3189767897129059,0.3425018191337585,-0.3076928555965423,0.0823611617088317,275,-7.421235084533691,-7.877784729003906,-17.871479034423828,4.050341606140137,-11.813960075378418,-3.39680552482605,84.72727272727273,81.81818181818183,77.45454545454545,2026-07-02,1.8073930848038584,18.92466027599626,25.937018327722456,,16.12448162053782,5,2026-08-31,10.381618789578503,29.070141490512185,45.39761703543667,64.67995907626292,18.58417429620198,5,2026-08-19,1.518043506933424,15.6441127857508,68.99127927886214,139.20850416637344,31.4804791104002,7,2026-09-12,5.835262578200746,13.056935698630676,32.511206868680866,131.93132861140086,42.59894201577027,9,2.0015461673627404,2.286589683513454,2.60394316169167,0.9846153846153848,0.9948717948717948,0.9948717948717948,0.9914529914529916,0.2460454282778559,2.0,0.0,0.0,1.0,1.0,0.0,True,tested_but_inconclusive_no_valid_pixels,candidate_pool_radar_signal,independent_radar_crosscheck_and_statistical_anomaly,AOI_level_temporal_environmental_context,verification_attempt_and_data_quality_status
HH_023_to_029_1789,HH_023_to_029,1789,90.1774182,22.4793367,6000,-0.29274306,-0.37320226,-0.21132135,0.5261918902397156,0.5212215185165405,0.3480667173862457,0.3350239992141723,0.2897945642471313,0.3273783326148987,0.2105281949043274,0.2284785211086273,-0.3156636953353882,-0.0582721531391143,375,-1.6883015632629397,-1.577620029449463,-8.127440452575684,5.153493881225586,-3.484914541244507,0.0894928053021431,58.93333333333334,44.266666666666666,31.466666666666665,2026-07-02,1.8073930848038584,18.92466027599626,25.937018327722456,,16.12448162053782,5,2026-08-31,10.381618789578503,29.070141490512185,45.39761703543667,64.67995907626292,18.58417429620198,5,2026-08-19,1.518043506933424,15.6441127857508,68.99127927886214,139.20850416637344,31.4804791104002,7,2026-09-12,5.835262578200746,13.056935698630676,32.511206868680866,131.93132861140086,42.59894201577027,9,0.4398867537199866,0.4576643625027235,0.5741420521513921,0.4666666666666667,0.4,0.4871794871794871,0.4512820512820513,0.0595423105557247,,,,,,,False,not_tested,candidate_pool_radar_signal,independent_radar_crosscheck_and_statistical_anomaly,AOI_level_temporal_environmental_context,verification_attempt_and_data_quality_status
HH_023_to_029_1808,HH_023_to_029,1808,90.2175404,22.4798662,6000,-0.30426103,-0.5175005,-0.20170388,0.4793649613857269,0.4839726090431213,0.2579509615898132,0.2883391976356506,0.2754881978034973,0.3133535981178283,0.1588605940341949,0.1797115951776504,-0.320504367351532,0.017537236213684,375,0.813946545124054,1.1162378787994385,-8.201482772827148,6.261066436767578,-0.4741973876953125,2.2304329872131348,20.0,10.666666666666668,4.0,2026-07-02,1.8073930848038584,18.92466027599626,25.937018327722456,,16.12448162053782,5,2026-08-31,10.381618789578503,29.070141490512185,45.39761703543667,64.67995907626292,18.58417429620198,5,2026-08-19,1.518043506933424,15.6441127857508,68.99127927886214,139.20850416637344,31.4804791104002,7,2026-09-12,5.835262578200746,13.056935698630676,32.511206868680866,131.93132861140086,42.59894201577027,9,0.5546570527182567,0.5944601349750681,0.6350385659001445,0.6615384615384615,0.6153846153846154,0.5538461538461539,0.6102564102564102,0.0328161242123673,,,,,,,False,not_tested,candidate_pool_radar_signal,independent_radar_crosscheck_and_statistical_anomaly,AOI_level_temporal_environmental_context,verification_attempt_and_data_quality_status
HH_023_to_029_1816,HH_023_to_029,1816,90.2081979,22.4791452,9200,-0.30555642,-0.48167235,-0.21107143,0.6373382210731506,0.6398991942405701,0.3234997689723968,0.3164526522159576,0.4810038208961487,0.4815550148487091,0.3412702083587646,0.3343427777290344,-0.296068012714386,0.1575040519237518,575,-0.8443740606307983,-1.0877166986465454,-6.671419620513916,5.6382317543029785,-3.036221504211426,1.0796557664871216,51.13043478260869,37.04347826086957,25.217391304347824,2026-07-02,1.8073930848038584,18.92466027599626,25.937018327722456,,16.12448162053782,5,2026-08-31,10.381618789578503,29.070141490512185,45.39761703543667,64.67995907626292,18.58417429620198,5,2026-08-19,1.518043506933424,15.6441127857508,68.99127927886214,139.20850416637344,31.4804791104002,7,2026-09-12,5.835262578200746,13.056935698630676,32.511206868680866,131.93132861140086,42.59894201577027,9,0.5396420242757288,0.5981995003682127,0.6731670379929662,0.6358974358974359,0.6307692307692307,0.6256410256410256,0.6307692307692307,0.0546484105614437,,,,,,,False,not_tested,candidate_pool_radar_signal,independent_radar_crosscheck_and_statistical_anomaly,AOI_level_temporal_environmental_context,verification_attempt_and_data_quality_status
HH_023_to_029_1848,HH_023_to_029,1848,90.1555007,22.4775231,7200,-0.29651806,-0.4640444,-0.20053193,0.515819251537323,0.5216699838638306,0.3204819560050964,0.2978631258010864,0.3388790488243103,0.3816660642623901,0.2262094616889953,0.2251519411802292,-0.2896097898483276,0.0183970928192138,450,-0.9929898381233216,-1.0313103199005127,-7.276998519897461,5.811429977416992,-2.591696262359619,0.51463782787323,50.66666666666667,35.77777777777777,17.77777777777778,2026-07-02,1.8073930848038584,18.92466027599626,25.937018327722456,,16.12448162053782,5,2026-08-31,10.381618789578503,29.070141490512185,45.39761703543667,64.67995907626292,18.58417429620198,5,2026-08-19,1.518043506933424,15.6441127857508,68.99127927886214,139.20850416637344,31.4804791104002,7,2026-09-12,5.835262578200746,13.056935698630676,32.511206868680866,131.93132861140086,42.59894201577027,9,0.4037512005657,0.443828373966334,0.5324562922248229,0.3743589743589743,0.358974358974359,0.4153846153846154,0.3829059829059829,0.0537753437321532,,,,,,,False,not_tested,candidate_pool_radar_signal,independent_radar_crosscheck_and_statistical_anomaly,AOI_level_temporal_environmental_context,verification_attempt_and_data_quality_status
HH_023_to_029_1857,HH_023_to_029,1857,90.1794327,22.4779913,4400,-0.2828051,-0.37227577,-0.2038978,0.4680497944355011,0.5173030495643616,0.311684787273407,0.355785071849823,0.2047148048877716,0.2149303406476974,0.2236581891775131,0.234497919678688,-0.2443916052579879,-0.1069699823856353,275,-3.16560697555542,-2.6164536476135254,-15.249747276306152,5.5139007568359375,-6.355502128601074,0.4826321005821228,61.81818181818181,55.27272727272727,44.72727272727273,2026-07-02,1.8073930848038584,18.92466027599626,25.937018327722456,,16.12448162053782,5,2026-08-31,10.381618789578503,29.070141490512185,45.39761703543667,64.67995907626292,18.58417429620198,5,2026-08-19,1.518043506933424,15.6441127857508,68.99127927886214,139.20850416637344,31.4804791104002,7,2026-09-12,5.835262578200746,13.056935698630676,32.511206868680866,131.93132861140086,42.59894201577027,9,0.7690013525714315,0.8598194671447313,1.0238635781463343,0.8769230769230769,0.8717948717948718,0.882051282051282,0.8769230769230769,0.1054688760377244,,,,,,,False,not_tested,candidate_pool_radar_signal,independent_radar_crosscheck_and_statistical_anomaly,AOI_level_temporal_environmental_context,verification_attempt_and_data_quality_status
HH_023_to_029_1866,HH_023_to_029,1866,90.1808369,22.4776375,7200,-0.2543079,-0.34077322,-0.20123005,0.5083996653556824,0.5048587322235107,0.3215072751045227,0.3030008375644684,0.4005709290504455,0.3789210021495819,0.2674119472503662,0.2505507171154022,-0.2409877181053161,0.0790636539459228,450,-1.554901123046875,-1.4758479595184326,-9.272698402404783,5.059320449829102,-3.127163887023926,0.0212536416947841,56.00000000000001,42.66666666666667,27.111111111111114,2026-07-02,1.8073930848038584,18.92466027599626,25.937018327722456,,16.12448162053782,5,2026-08-31,10.381618789578503,29.070141490512185,45.39761703543667,64.67995907626292,18.58417429620198,5,2026-08-19,1.518043506933424,15.6441127857508,68.99127927886214,139.20850416637344,31.4804791104002,7,2026-09-12,5.835262578200746,13.056935698630676,32.511206868680866,131.93132861140086,42.59894201577027,9,0.4036905957045416,0.4576864544957865,0.5501638672476397,0.3692307692307692,0.4102564102564102,0.441025641025641,0.4068376068376069,0.0604814424361526,,,,,,,False,not_tested,candidate_pool_radar_signal,independent_radar_crosscheck_and_statistical_anomaly,AOI_level_temporal_environmental_context,verification_attempt_and_data_quality_status
HH_023_to_029_1869,HH_023_to_029,1869,90.1932339,22.4781491,5600,-0.36073938,-0.58991694,-0.22423324,0.7522741556167603,0.7553700804710388,0.4624959230422973,0.4931594431400299,0.563742995262146,0.5657392144203186,0.4209066033363342,0.3946306407451629,-0.331367552280426,0.1012470722198486,350,0.3739034533500671,0.4652646481990814,-3.39236831665039,4.879674911499023,-1.1549437046051023,1.8659014701843264,29.714285714285715,11.714285714285715,2.2857142857142856,2026-07-02,1.8073930848038584,18.92466027599626,25.937018327722456,,16.12448162053782,5,2026-08-31,10.381618789578503,29.070141490512185,45.39761703543667,64.67995907626292,18.58417429620198,5,2026-08-19,1.518043506933424,15.6441127857508,68.99127927886214,139.20850416637344,31.4804791104002,7,2026-09-12,5.835262578200746,13.056935698630676,32.511206868680866,131.93132861140086,42.59894201577027,9,0.428526513898491,0.4779369719994033,0.5282302746813813,0.4564102564102564,0.4256410256410256,0.4102564102564102,0.4307692307692307,0.0407044217890866,,,,,,,False,not_tested,candidate_pool_radar_signal,independent_radar_crosscheck_and_statistical_anomaly,AOI_level_temporal_environmental_context,verification_attempt_and_data_quality_status
HH_023_to_029_1887,HH_023_to_029,1887,90.1611216,22.4770617,8000,-0.29625762,-0.40933418,-0.21427399,0.5484721064567566,0.5192751884460449,0.2482677102088928,0.2593118548393249,0.3282929062843323,0.326108306646347,0.2243841886520385,0.223017543554306,-0.324087917804718,0.0800251960754394,500,-0.3083588182926178,-0.3848664760589599,-12.814910888671877,6.470054626464844,-2.002690315246582,1.7148332595825195,38.2,25.2,17.2,2026-07-02,1.8073930848038584,18.92466027599626,25.937018327722456,,16.12448162053782,5,2026-08-31,10.381618789578503,29.070141490512185,45.39761703543667,64.67995907626292,18.58417429620198,5,2026-08-19,1.518043506933424,15.6441127857508,68.99127927886214,139.20850416637344,31.4804791104002,7,2026-09-12,5.835262578200746,13.056935698630676,32.511206868680866,131.93132861140086,42.59894201577027,9,0.4032071236334745,0.5114712449446094,0.6770243151514999,0.3641025641025641,0.4615384615384615,0.6307692307692307,0.4854700854700854,0.112598003430601,,,,,,,False,not_tested,candidate_pool_radar_signal,independent_radar_crosscheck_and_statistical_anomaly,AOI_level_temporal_environmental_context,verification_attempt_and_data_quality_status
HH_023_to_029_1889,HH_023_to_029,1889,90.1829699,22.4776555,5200,-0.2755814,-0.35652363,-0.22095248,0.5766082406044006,0.5920595526695251,0.2186717689037323,0.2216558307409286,0.4765814542770386,0.4353157877922058,0.3229619860649109,0.3164781332015991,-0.2536462545394897,0.2579096853733063,325,0.4595831632614136,0.4480500221252441,-4.573781490325928,4.023301601409912,-0.8310001492500305,1.8907668590545648,22.46153846153846,12.307692307692308,3.692307692307693,2026-07-02,1.8073930848038584,18.92466027599626,25.937018327722456,,16.12448162053782,5,2026-08-31,10.381618789578503,29.070141490512185,45.39761703543667,64.67995907626292,18.58417429620198,5,2026-08-19,1.518043506933424,15.6441127857508,68.99127927886214,139.20850416637344,31.4804791104002,7,2026-09-12,5.835262578200746,13.056935698630676,32.511206868680866,131.93132861140086,42.59894201577027,9,0.4055056185645272,0.489169035794221,0.5696715910679983,0.3897435897435897,0.4307692307692308,0.4666666666666667,0.429059829059829,0.0670246184589975,,,,,,,False,not_tested,candidate_pool_radar_signal,independent_radar_crosscheck_and_statistical_anomaly,AOI_level_temporal_environmental_context,verification_attempt_and_data_quality_status
HH_023_to_029_1902,HH_023_to_029,1902,90.1744236,22.4772594,4800,-0.47128645,-0.71592766,-0.22236821,0.6748321652412415,0.674978494644165,0.2220012992620468,0.2414996027946472,0.437066912651062,0.394544243812561,0.1804734170436859,0.2036920636892318,-0.4943587481975555,0.2150656133890152,300,-2.451934337615967,-2.630305290222168,-9.480363845825195,7.744106292724609,-4.934258460998535,-0.4164879918098449,69.0,56.333333333333336,47.66666666666667,2026-07-02,1.8073930848038584,18.92466027599626,25.937018327722456,,16.12448162053782,5,2026-08-31,10.381618789578503,29.070141490512185,45.39761703543667,64.67995907626292,18.58417429620198,5,2026-08-19,1.518043506933424,15.6441127857508,68.99127927886214,139.20850416637344,31.4804791104002,7,2026-09-12,5.835262578200746,13.056935698630676,32.511206868680866,131.93132861140086,42.59894201577027,9,0.8233339898663194,0.8745527774889789,0.9318687769338628,0.9076923076923076,0.8871794871794871,0.8461538461538461,0.8803418803418803,0.0443324410959063,,,,,,,False,not_tested,candidate_pool_radar_signal,independent_radar_crosscheck_and_statistical_anomaly,AOI_level_temporal_environmental_context,verification_attempt_and_data_quality_status
HH_023_to_029_1904,HH_023_to_029,1904,90.1948541,22.4775177,10800,-0.30965313,-0.4869435,-0.20680892,0.665043830871582,0.6379584670066833,0.3672980368137359,0.3994896709918976,0.4399093985557556,0.460506409406662,0.2855153083801269,0.3283053636550903,-0.3795285224914551,0.0726113617420196,675,0.9380423426628112,0.8913387060165405,-6.181783199310303,7.849295616149902,-0.5778943300247192,2.8877429962158203,20.88888888888889,13.77777777777778,8.296296296296296,2026-07-02,1.8073930848038584,18.92466027599626,25.937018327722456,,16.12448162053782,5,2026-08-31,10.381618789578503,29.070141490512185,45.39761703543667,64.67995907626292,18.58417429620198,5,2026-08-19,1.518043506933424,15.6441127857508,68.99127927886214,139.20850416637344,31.4804791104002,7,2026-09-12,5.835262578200746,13.056935698630676,32.511206868680866,131.93132861140086,42.59894201577027,9,0.3308846235963741,0.3577812275482682,0.3955538721900558,0.2051282051282051,0.1589743589743589,0.1179487179487179,0.1606837606837606,0.0265252745321455,,,,,,,False,not_tested,candidate_pool_radar_signal,independent_radar_crosscheck_and_statistical_anomaly,AOI_level_temporal_environmental_context,verification_attempt_and_data_quality_status
HH_023_to_029_1905,HH_023_to_029,1905,90.1995842,22.4772718,14000,-0.2862903,-0.43700638,-0.20172086,0.624573290348053,0.6185346245765686,0.3551650643348694,0.405210942029953,0.4354497194290161,0.4663990437984466,0.3221804201602936,0.3322443664073944,-0.3023928701877594,0.0802846550941467,875,-0.0918425619602203,-0.0287952832877635,-8.122499465942383,9.610577583312988,-1.935613751411438,1.9937011003494265,35.65714285714286,24.571428571428573,17.142857142857142,2026-07-02,1.8073930848038584,18.92466027599626,25.937018327722456,,16.12448162053782,5,2026-08-31,10.381618789578503,29.070141490512185,45.39761703543667,64.67995907626292,18.58417429620198,5,2026-08-19,1.518043506933424,15.6441127857508,68.99127927886214,139.20850416637344,31.4804791104002,7,2026-09-12,5.835262578200746,13.056935698630676,32.511206868680866,131.93132861140086,42.59894201577027,9,0.6650503054480451,0.7155674037453338,0.7660052310026935,0.8153846153846154,0.7897435897435897,0.7435897435897436,0.7829059829059829,0.0412146800067993,,,,,,,False,not_tested,candidate_pool_radar_signal,independent_radar_crosscheck_and_statistical_anomaly,AOI_level_temporal_environmental_context,verification_attempt_and_data_quality_status
HH_023_to_029_1924,HH_023_to_029,1924,90.1717543,22.4766981,4000,-0.25064358,-0.3093301,-0.20950893,0.6102862358093262,0.5983827710151672,0.2875956296920776,0.3461360335350036,0.2742052972316742,0.3552042245864868,0.3527030348777771,0.3477391898632049,-0.2575832009315491,-0.0133903324604034,250,-3.4150357246398926,-3.074507713317871,-14.257088661193848,4.867544651031494,-6.06791877746582,-0.2007279247045517,68.0,57.2,50.4,2026-07-02,1.8073930848038584,18.92466027599626,25.937018327722456,,16.12448162053782,5,2026-08-31,10.381618789578503,29.070141490512185,45.39761703543667,64.67995907626292,18.58417429620198,5,2026-08-19,1.518043506933424,15.6441127857508,68.99127927886214,139.20850416637344,31.4804791104002,7,2026-09-12,5.835262578200746,13.056935698630676,32.511206868680866,131.93132861140086,42.59894201577027,9,0.6549685394851718,0.8797632744755962,1.0488437191095212,0.8051282051282052,0.8923076923076924,0.8974358974358975,0.864957264957265,0.1613342034277964,,,,,,,False,not_tested,candidate_pool_radar_signal,independent_radar_crosscheck_and_statistical_anomaly,AOI_level_temporal_environmental_context,verification_attempt_and_data_quality_status
HH_023_to_029_1925,HH_023_to_029,1925,90.1769576,22.4768254,4000,-0.32654503,-0.44200706,-0.22387543,0.6832239627838135,0.6716270446777344,0.3093039989471435,0.3196578323841095,0.5145209431648254,0.4886083602905273,0.3306294679641723,0.3450819849967956,-0.3525944948196411,0.2052169442176818,250,0.7881309986114502,0.6564099788665771,-3.5154528617858887,7.032325267791748,-0.5054892301559448,2.154513597488404,20.0,8.0,2.8000000000000003,2026-07-02,1.8073930848038584,18.92466027599626,25.937018327722456,,16.12448162053782,5,2026-08-31,10.381618789578503,29.070141490512185,45.39761703543667,64.67995907626292,18.58417429620198,5,2026-08-19,1.518043506933424,15.6441127857508,68.99127927886214,139.20850416637344,31.4804791104002,7,2026-09-12,5.835262578200746,13.056935698630676,32.511206868680866,131.93132861140086,42.59894201577027,9,0.3216302159956676,0.34299373682926,0.3924270645366079,0.1846153846153846,0.1025641025641025,0.1128205128205128,0.1333333333333333,0.0296502720129142,,,,,,,False,not_tested,candidate_pool_radar_signal,independent_radar_crosscheck_and_statistical_anomaly,AOI_level_temporal_environmental_context,verification_attempt_and_data_quality_status
HH_023_to_029_1931,HH_023_to_029,1931,90.2126982,22.477219,6000,-0.27582142,-0.4139784,-0.20487335,0.511859655380249,0.5425083637237549,0.3221542537212372,0.3104661107063293,0.4030523896217346,0.3672607541084289,0.2423615753650665,0.2666869461536407,-0.2694980800151825,0.0808981359004974,375,0.1274021863937378,-0.0272706262767314,-5.315717697143555,6.1273040771484375,-1.3246983289718628,1.5552833080291748,29.33333333333333,17.333333333333336,8.266666666666666,2026-07-02,1.8073930848038584,18.92466027599626,25.937018327722456,,16.12448162053782,5,2026-08-31,10.381618789578503,29.070141490512185,45.39761703543667,64.67995907626292,18.58417429620198,5,2026-08-19,1.518043506933424,15.6441127857508,68.99127927886214,139.20850416637344,31.4804791104002,7,2026-09-12,5.835262578200746,13.056935698630676,32.511206868680866,131.93132861140086,42.59894201577027,9,0.281585363687517,0.3295101153526042,0.3813093065092202,0.1025641025641025,0.082051282051282,0.0666666666666666,0.0837606837606837,0.0407223700447394,,,,,,,False,not_tested,candidate_pool_radar_signal,independent_radar_crosscheck_and_statistical_anomaly,AOI_level_temporal_environmental_context,verification_attempt_and_data_quality_status
HH_023_to_029_1933,HH_023_to_029,1933,90.1553133,22.4761281,5200,-0.2970975,-0.37143672,-0.2199279,0.5552476644515991,0.5688583850860596,0.2889547348022461,0.2877363860607147,0.3477440178394317,0.3651198744773865,0.2485485225915908,0.2717608511447906,-0.3066991418600082,0.0587892830371856,325,-3.0203702449798584,-2.876049041748047,-16.520580291748047,4.2673420906066895,-4.284668922424316,-0.54006427526474,69.23076923076923,61.23076923076923,46.15384615384615,2026-07-02,1.8073930848038584,18.92466027599626,25.937018327722456,,16.12448162053782,5,2026-08-31,10.381618789578503,29.070141490512185,45.39761703543667,64.67995907626292,18.58417429620198,5,2026-08-19,1.518043506933424,15.6441127857508,68.99127927886214,139.20850416637344,31.4804791104002,7,2026-09-12,5.835262578200746,13.056935698630676,32.511206868680866,131.93132861140086,42.59894201577027,9,0.8191641784717252,1.090347076518253,1.3570073169857098,0.9025641025641026,0.9230769230769232,0.9333333333333332,0.9196581196581196,0.2195761294670682,,,,,,,False,not_tested,candidate_pool_radar_signal,independent_radar_crosscheck_and_statistical_anomaly,AOI_level_temporal_environmental_context,verification_attempt_and_data_quality_status
HH_023_to_029_1950,HH_023_to_029,1950,90.1755488,22.4762524,6400,-0.28729832,-0.38148475,-0.2149773,0.4643005728721618,0.465185284614563,0.2804771661758423,0.2894671559333801,0.3543138802051544,0.3157870173454284,0.1708309054374694,0.177886962890625,-0.2934696674346924,0.0738367140293121,400,-2.218717575073242,-2.040562391281128,-13.254164695739746,7.026510238647461,-5.485221862792969,1.2460874319076538,57.25,50.5,41.25,2026-07-02,1.8073930848038584,18.92466027599626,25.937018327722456,,16.12448162053782,5,2026-08-31,10.381618789578503,29.070141490512185,45.39761703543667,64.67995907626292,18.58417429620198,5,2026-08-19,1.518043506933424,15.6441127857508,68.99127927886214,139.20850416637344,31.4804791104002,7,2026-09-12,5.835262578200746,13.056935698630676,32.511206868680866,131.93132861140086,42.59894201577027,9,0.6324800734349392,0.7104847506289367,0.8486804894006815,0.7589743589743589,0.7692307692307693,0.8051282051282052,0.7777777777777777,0.0893963780912901,,,,,,,False,not_tested,candidate_pool_radar_signal,independent_radar_crosscheck_and_statistical_anomaly,AOI_level_temporal_environmental_context,verification_attempt_and_data_quality_status
HH_023_to_029_1952,HH_023_to_029,1952,90.2191665,22.4769095,10000,-0.31378797,-0.4794562,-0.20622256,0.6318839192390442,0.6124387383460999,0.3047902882099151,0.3323989510536194,0.3910925984382629,0.3570722341537475,0.2783674895763397,0.2986507713794708,-0.3535164296627044,0.0863023102283477,625,0.3940760791301727,0.453334778547287,-7.844526767730713,7.210066795349121,-1.5492851734161377,2.5870375633239746,31.04,20.8,13.44,2026-07-02,1.8073930848038584,18.92466027599626,25.937018327722456,,16.12448162053782,5,2026-08-31,10.381618789578503,29.070141490512185,45.39761703543667,64.67995907626292,18.58417429620198,5,2026-08-19,1.518043506933424,15.6441127857508,68.99127927886214,139.20850416637344,31.4804791104002,7,2026-09-12,5.835262578200746,13.056935698630676,32.511206868680866,131.93132861140086,42.59894201577027,9,0.3206547553174841,0.366947731834809,0.4289806990705463,0.1794871794871795,0.1846153846153846,0.2153846153846154,0.1931623931623931,0.0443792228524605,,,,,,,False,not_tested,candidate_pool_radar_signal,independent_radar_crosscheck_and_statistical_anomaly,AOI_level_temporal_environmental_context,verification_attempt_and_data_quality_status
HH_023_to_029_1976,HH_023_to_029,1976,90.2143687,22.4767364,4800,-0.29723606,-0.4405406,-0.21118045,0.5596028566360474,0.562141478061676,0.2837327122688293,0.2568327486515045,0.3590524792671203,0.3699311316013336,0.2274243831634521,0.2649054825305938,-0.3321784734725952,0.075319766998291,300,-0.9287027716636658,-1.195560336112976,-6.415450572967529,7.832161903381348,-3.119191884994507,0.5831535458564758,52.33333333333333,40.33333333333333,27.666666666666668,2026-07-02,1.8073930848038584,18.92466027599626,25.937018327722456,,16.12448162053782,5,2026-08-31,10.381618789578503,29.070141490512185,45.39761703543667,64.67995907626292,18.58417429620198,5,2026-08-19,1.518043506933424,15.6441127857508,68.99127927886214,139.20850416637344,31.4804791104002,7,2026-09-12,5.835262578200746,13.056935698630676,32.511206868680866,131.93132861140086,42.59894201577027,9,0.4887242197686008,0.5147522386938266,0.5972724046758016,0.5435897435897435,0.4769230769230769,0.5025641025641026,0.5076923076923077,0.0462718344970631,,,,,,,False,not_tested,candidate_pool_radar_signal,independent_radar_crosscheck_and_statistical_anomaly,AOI_level_temporal_environmental_context,verification_attempt_and_data_quality_status
HH_023_to_029_1978,HH_023_to_029,1978,90.21637,22.4767223,5200,-0.2706111,-0.35848516,-0.20185511,0.450219064950943,0.4399626553058624,0.2727943062782287,0.2651866376399994,0.255215048789978,0.2393780648708343,0.1679290831089019,0.169351577758789,-0.282289981842041,-0.0175792574882507,325,-0.2279548794031143,-0.2225917875766754,-6.988988876342773,6.262925148010254,-1.4490272998809814,1.224177360534668,32.92307692307692,17.23076923076923,9.230769230769232,2026-07-02,1.8073930848038584,18.92466027599626,25.937018327722456,,16.12448162053782,5,2026-08-31,10.381618789578503,29.070141490512185,45.39761703543667,64.67995907626292,18.58417429620198,5,2026-08-19,1.518043506933424,15.6441127857508,68.99127927886214,139.20850416637344,31.4804791104002,7,2026-09-12,5.835262578200746,13.056935698630676,32.511206868680866,131.93132861140086,42.59894201577027,9,0.2559758337928546,0.3220863379863518,0.3729433908586988,0.041025641025641,0.0666666666666666,0.0564102564102564,0.0547008547008547,0.0478869594839191,,,,,,,False,not_tested,candidate_pool_radar_signal,independent_radar_crosscheck_and_statistical_anomaly,AOI_level_temporal_environmental_context,verification_attempt_and_data_quality_status
HH_023_to_029_1980,HH_023_to_029,1980,90.1607959,22.4749889,7600,-0.30545482,-0.41871524,-0.20096582,0.547349214553833,0.538489818572998,0.3031567931175232,0.3044316470623016,0.2498642206192016,0.2732531428337097,0.2156680822372436,0.2330350428819656,-0.3316811323165893,-0.0532925724983215,475,-1.5450788736343384,-0.7313910722732544,-10.883277893066406,7.908244132995605,-5.770642280578613,2.316690444946289,47.578947368421055,42.526315789473685,36.63157894736842,2026-07-02,1.8073930848038584,18.92466027599626,25.937018327722456,,16.12448162053782,5,2026-08-31,10.381618789578503,29.070141490512185,45.39761703543667,64.67995907626292,18.58417429620198,5,2026-08-19,1.518043506933424,15.6441127857508,68.99127927886214,139.20850416637344,31.4804791104002,7,2026-09-12,5.835262578200746,13.056935698630676,32.511206868680866,131.93132861140086,42.59894201577027,9,0.7203323895771492,0.8203938913596414,0.906025799815582,0.8564102564102564,0.8512820512820513,0.8358974358974359,0.8478632478632478,0.0758852719503105,,,,,,,False,not_tested,candidate_pool_radar_signal,independent_radar_crosscheck_and_statistical_anomaly,AOI_level_temporal_environmental_context,verification_attempt_and_data_quality_status
HH_023_to_029_1986,HH_023_to_029,1986,90.1961485,22.476007,7600,-0.32504317,-0.5271926,-0.20104244,0.7143052220344543,0.7137904763221741,0.4933062791824341,0.4813596308231354,0.5470165014266968,0.5627889037132263,0.3730013966560364,0.3887473046779632,-0.3413038253784179,0.0537102222442626,475,1.4108995199203491,1.343332290649414,-7.036196708679199,8.216630935668945,-0.4133925139904022,3.2384464740753174,17.684210526315788,9.05263157894737,4.842105263157895,2026-07-02,1.8073930848038584,18.92466027599626,25.937018327722456,,16.12448162053782,5,2026-08-31,10.381618789578503,29.070141490512185,45.39761703543667,64.67995907626292,18.58417429620198,5,2026-08-19,1.518043506933424,15.6441127857508,68.99127927886214,139.20850416637344,31.4804791104002,7,2026-09-12,5.835262578200746,13.056935698630676,32.511206868680866,131.93132861140086,42.59894201577027,9,0.4062205840188191,0.4336298869105384,0.4866185152007623,0.3948717948717948,0.3435897435897436,0.3230769230769231,0.3538461538461538,0.0333714647756066,,,,,,,False,not_tested,candidate_pool_radar_signal,independent_radar_crosscheck_and_statistical_anomaly,AOI_level_temporal_environmental_context,verification_attempt_and_data_quality_status
HH_023_to_029_1987,HH_023_to_029,1987,90.2026196,22.4762128,4400,-0.2689877,-0.5387356,-0.20474859,0.5347472429275513,0.5287004113197327,0.2148671448230743,0.2205545753240585,0.2571150064468384,0.2642005681991577,0.2827167212963104,0.2597127258777618,-0.2520305216312408,0.042247861623764,275,-0.8002065420150757,-0.6380088329315186,-6.123833656311035,3.591000556945801,-2.2601184844970703,0.8587350249290466,43.63636363636363,29.09090909090909,15.272727272727272,2026-07-02,1.8073930848038584,18.92466027599626,25.937018327722456,,16.12448162053782,5,2026-08-31,10.381618789578503,29.070141490512185,45.39761703543667,64.67995907626292,18.58417429620198,5,2026-08-19,1.518043506933424,15.6441127857508,68.99127927886214,139.20850416637344,31.4804791104002,7,2026-09-12,5.835262578200746,13.056935698630676,32.511206868680866,131.93132861140086,42.59894201577027,9,0.5818753288353569,0.6595061941741222,0.750640348052042,0.7025641025641025,0.7128205128205128,0.7282051282051282,0.7145299145299145,0.0689715053623177,,,,,,,False,not_tested,candidate_pool_radar_signal,independent_radar_crosscheck_and_statistical_anomaly,AOI_level_temporal_environmental_context,verification_attempt_and_data_quality_status
HH_023_to_029_1995,HH_023_to_029,1995,90.1734804,22.4754417,8800,-0.31971076,-0.5326632,-0.20214361,0.6443861722946167,0.6022430658340454,0.2577650547027588,0.2531967759132385,0.4550204873085022,0.4437710642814636,0.2555784583091736,0.2825323343276977,-0.3888077139854431,0.1972554326057434,550,-0.595506489276886,-0.3226664662361145,-9.275919914245604,6.334664344787598,-2.606947660446167,1.556798219680786,41.27272727272727,29.63636363636364,20.363636363636363,2026-07-02,1.8073930848038584,18.92466027599626,25.937018327722456,,16.12448162053782,5,2026-08-31,10.381618789578503,29.070141490512185,45.39761703543667,64.67995907626292,18.58417429620198,5,2026-08-19,1.518043506933424,15.6441127857508,68.99127927886214,139.20850416637344,31.4804791104002,7,2026-09-12,5.835262578200746,13.056935698630676,32.511206868680866,131.93132861140086,42.59894201577027,9,0.4723956306424848,0.5151529430774885,0.5601537651281476,0.517948717948718,0.482051282051282,0.4461538461538462,0.482051282051282,0.0358310106538755,,,,,,,False,not_tested,candidate_pool_radar_signal,independent_radar_crosscheck_and_statistical_anomaly,AOI_level_temporal_environmental_context,verification_attempt_and_data_quality_status
HH_023_to_029_2005,HH_023_to_029,2005,90.1508884,22.4749946,4000,-0.28340575,-0.4408929,-0.20660856,0.5084513425827026,0.521232008934021,0.1900420188903808,0.2186627835035324,0.2408023029565811,0.2497373074293136,0.2513364553451538,0.2378262728452682,-0.2571148872375488,0.0507602840662002,250,-0.305736631155014,-0.134140744805336,-5.881555557250977,4.954481601715088,-1.3222354650497437,0.5564199686050415,30.0,11.2,4.4,2026-07-02,1.8073930848038584,18.92466027599626,25.937018327722456,,16.12448162053782,5,2026-08-31,10.381618789578503,29.070141490512185,45.39761703543667,64.67995907626292,18.58417429620198,5,2026-08-19,1.518043506933424,15.6441127857508,68.99127927886214,139.20850416637344,31.4804791104002,7,2026-09-12,5.835262578200746,13.056935698630676,32.511206868680866,131.93132861140086,42.59894201577027,9,0.4237830634081391,0.457388143902093,0.4907631382368538,0.4461538461538462,0.3948717948717948,0.3435897435897436,0.3948717948717948,0.0273445548223867,,,,,,,False,not_tested,candidate_pool_radar_signal,independent_radar_crosscheck_and_statistical_anomaly,AOI_level_temporal_environmental_context,verification_attempt_and_data_quality_status
HH_023_to_029_2014,HH_023_to_029,2014,90.217745,22.4761087,4000,-0.2923327,-0.44470656,-0.20217124,0.6024965047836304,0.6236825585365295,0.2750355005264282,0.3032153248786926,0.3587134778499603,0.3853783905506134,0.3121761977672577,0.3313499093055725,-0.2903203070163727,0.0836779773235321,250,0.4375392496585846,0.2961313128471374,-4.616270065307617,7.527089595794678,-1.2296055555343628,1.620246171951294,29.6,10.8,3.2,2026-07-02,1.8073930848038584,18.92466027599626,25.937018327722456,,16.12448162053782,5,2026-08-31,10.381618789578503,29.070141490512185,45.39761703543667,64.67995907626292,18.58417429620198,5,2026-08-19,1.518043506933424,15.6441127857508,68.99127927886214,139.20850416637344,31.4804791104002,7,2026-09-12,5.835262578200746,13.056935698630676,32.511206868680866,131.93132861140086,42.59894201577027,9,0.2934584057443479,0.352687944023743,0.4129400987574936,0.1179487179487179,0.1333333333333333,0.1897435897435897,0.147008547008547,0.0487787924320233,,,,,,,False,not_tested,candidate_pool_radar_signal,independent_radar_crosscheck_and_statistical_anomaly,AOI_level_temporal_environmental_context,verification_attempt_and_data_quality_status
HH_023_to_029_2020,HH_023_to_029,2020,90.211825,22.47588,4000,-0.2648033,-0.32638445,-0.21073213,0.4691968262195587,0.4708961546421051,0.2151630669832229,0.2346010506153106,0.2443012148141861,0.2657246887683868,0.1957878470420837,0.2060928642749786,-0.273408979177475,0.0291381478309631,250,0.8963977694511414,0.4654226303100586,-11.120553016662598,11.774128913879396,-2.6726016998291016,4.229616641998291,39.2,31.2,23.200000000000003,2026-07-02,1.8073930848038584,18.92466027599626,25.937018327722456,,16.12448162053782,5,2026-08-31,10.381618789578503,29.070141490512185,45.39761703543667,64.67995907626292,18.58417429620198,5,2026-08-19,1.518043506933424,15.6441127857508,68.99127927886214,139.20850416637344,31.4804791104002,7,2026-09-12,5.835262578200746,13.056935698630676,32.511206868680866,131.93132861140086,42.59894201577027,9,1.2742535321607782,1.376562233828574,1.4812125060085308,0.9487179487179488,0.9487179487179488,0.953846153846154,0.9504273504273504,0.084492449866774,,,,,,,False,not_tested,candidate_pool_radar_signal,independent_radar_crosscheck_and_statistical_anomaly,AOI_level_temporal_environmental_context,verification_attempt_and_data_quality_status
HH_023_to_029_2033,HH_023_to_029,2033,90.20006,22.4747777,16400,-0.29506856,-0.4612154,-0.2065081,0.646367073059082,0.6293913722038269,0.34158656001091,0.3386890888214111,0.3557332754135132,0.3616581559181213,0.3215828835964203,0.3343227803707123,-0.3247841894626617,0.0141467154026031,1025,-0.5868079662322998,-0.8604708313941956,-6.824665546417236,6.076844215393066,-2.118093490600586,0.9046948552131652,47.41463414634146,28.8780487804878,13.365853658536588,2026-07-02,1.8073930848038584,18.92466027599626,25.937018327722456,,16.12448162053782,5,2026-08-31,10.381618789578503,29.070141490512185,45.39761703543667,64.67995907626292,18.58417429620198,5,2026-08-19,1.518043506933424,15.6441127857508,68.99127927886214,139.20850416637344,31.4804791104002,7,2026-09-12,5.835262578200746,13.056935698630676,32.511206868680866,131.93132861140086,42.59894201577027,9,0.3323725936270782,0.4092916608182618,0.4665551149595162,0.2153846153846154,0.2666666666666666,0.282051282051282,0.2547008547008547,0.0549753430678796,,,,,,,False,not_tested,candidate_pool_radar_signal,independent_radar_crosscheck_and_statistical_anomaly,AOI_level_temporal_environmental_context,verification_attempt_and_data_quality_status
HH_023_to_029_2035,HH_023_to_029,2035,90.2064473,22.4757267,6000,-0.3396611,-0.5098561,-0.20582241,0.6186333894729614,0.587833821773529,0.2455329298973083,0.2508131265640259,0.2460326254367828,0.2728210687637329,0.2353087812662124,0.2481728196144104,-0.3833246082067489,0.0004996955394744,375,-1.825328469276428,-1.6865010261535645,-10.99680519104004,3.365264415740967,-3.5636141300201416,0.1214882582426071,59.46666666666667,43.73333333333333,33.86666666666667,2026-07-02,1.8073930848038584,18.92466027599626,25.937018327722456,,16.12448162053782,5,2026-08-31,10.381618789578503,29.070141490512185,45.39761703543667,64.67995907626292,18.58417429620198,5,2026-08-19,1.518043506933424,15.6441127857508,68.99127927886214,139.20850416637344,31.4804791104002,7,2026-09-12,5.835262578200746,13.056935698630676,32.511206868680866,131.93132861140086,42.59894201577027,9,0.7516025675529918,0.8006427678390804,0.9117696050963224,0.8666666666666667,0.841025641025641,0.841025641025641,0.8495726495726497,0.0670054683658181,,,,,,,False,not_tested,candidate_pool_radar_signal,independent_radar_crosscheck_and_statistical_anomaly,AOI_level_temporal_environmental_context,verification_attempt_and_data_quality_status
HH_023_to_029_2036,HH_023_to_029,2036,90.2143436,22.4758874,6000,-0.29178995,-0.5067347,-0.20362991,0.6730511784553528,0.6689729690551758,0.3241634964942932,0.3111568987369537,0.4409521818161011,0.4032838940620422,0.363008975982666,0.377183049917221,-0.3100422024726867,0.1167886853218078,375,0.2193254977464676,0.1072602719068527,-7.384755134582519,6.501669883728027,-1.5235233306884766,1.6340380907058716,30.933333333333334,18.133333333333333,8.533333333333333,2026-07-02,1.8073930848038584,18.92466027599626,25.937018327722456,,16.12448162053782,5,2026-08-31,10.381618789578503,29.070141490512185,45.39761703543667,64.67995907626292,18.58417429620198,5,2026-08-19,1.518043506933424,15.6441127857508,68.99127927886214,139.20850416637344,31.4804791104002,7,2026-09-12,5.835262578200746,13.056935698630676,32.511206868680866,131.93132861140086,42.59894201577027,9,0.2685029930934239,0.3075700057810722,0.3639455520243798,0.0666666666666666,0.041025641025641,0.041025641025641,0.0495726495726495,0.0391772549515619,,,,,,,False,not_tested,candidate_pool_radar_signal,independent_radar_crosscheck_and_statistical_anomaly,AOI_level_temporal_environmental_context,verification_attempt_and_data_quality_status
HH_023_to_029_2054,HH_023_to_029,2054,90.2051192,22.4749013,7200,-0.29011762,-0.47263718,-0.21938759,0.5514020919799805,0.5599198341369629,0.2407340705394745,0.298649400472641,0.3850113749504089,0.401051253080368,0.2616115212440491,0.2698022127151489,-0.2897905707359314,0.1442773044109344,450,-0.1477232575416565,0.0740909427404403,-6.62952995300293,4.415901184082031,-1.39432692527771,1.412946343421936,33.33333333333333,18.0,10.888888888888888,2026-07-02,1.8073930848038584,18.92466027599626,25.937018327722456,,16.12448162053782,5,2026-08-31,10.381618789578503,29.070141490512185,45.39761703543667,64.67995907626292,18.58417429620198,5,2026-08-19,1.518043506933424,15.6441127857508,68.99127927886214,139.20850416637344,31.4804791104002,7,2026-09-12,5.835262578200746,13.056935698630676,32.511206868680866,131.93132861140086,42.59894201577027,9,0.3856773756270282,0.4310189529802118,0.4867072425414593,0.3333333333333333,0.3282051282051282,0.3282051282051282,0.3299145299145299,0.0413173063549777,,,,,,,False,not_tested,candidate_pool_radar_signal,independent_radar_crosscheck_and_statistical_anomaly,AOI_level_temporal_environmental_context,verification_attempt_and_data_quality_status
HH_023_to_029_2058,HH_023_to_029,2058,90.190333,22.4748679,5200,-0.27264124,-0.34330535,-0.2245915,0.6198542714118958,0.6204913258552551,0.4154944121837616,0.3740985691547394,0.3939765691757202,0.400290697813034,0.342924952507019,0.3478500545024872,-0.2769293189048767,-0.0215178430080413,325,0.4807243347167969,0.1712013185024261,-3.802304267883301,6.602267265319824,-0.98540997505188,1.8067069053649905,24.923076923076923,13.846153846153848,2.769230769230769,2026-07-02,1.8073930848038584,18.92466027599626,25.937018327722456,,16.12448162053782,5,2026-08-31,10.381618789578503,29.070141490512185,45.39761703543667,64.67995907626292,18.58417429620198,5,2026-08-19,1.518043506933424,15.6441127857508,68.99127927886214,139.20850416637344,31.4804791104002,7,2026-09-12,5.835262578200746,13.056935698630676,32.511206868680866,131.93132861140086,42.59894201577027,9,0.3750149362939896,0.4317045089130868,0.4810352919005672,0.2974358974358974,0.3384615384615385,0.3179487179487179,0.3179487179487179,0.0433173683370628,,,,,,,False,not_tested,candidate_pool_radar_signal,independent_radar_crosscheck_and_statistical_anomaly,AOI_level_temporal_environmental_context,verification_attempt_and_data_quality_status
HH_023_to_029_2068,HH_023_to_029,2068,90.1773685,22.4740222,12400,-0.2838179,-0.4791832,-0.20654926,0.5199675559997559,0.5348580479621887,0.2874985039234161,0.304184079170227,0.3482851982116699,0.3721293210983276,0.2390358746051788,0.2510402202606201,-0.280931681394577,0.0607866942882537,775,-1.7372517585754397,-1.5325169563293457,-12.180499076843262,6.481788635253906,-4.066588401794434,0.7970409393310547,56.00000000000001,44.516129032258064,34.064516129032256,2026-07-02,1.8073930848038584,18.92466027599626,25.937018327722456,,16.12448162053782,5,2026-08-31,10.381618789578503,29.070141490512185,45.39761703543667,64.67995907626292,18.58417429620198,5,2026-08-19,1.518043506933424,15.6441127857508,68.99127927886214,139.20850416637344,31.4804791104002,7,2026-09-12,5.835262578200746,13.056935698630676,32.511206868680866,131.93132861140086,42.59894201577027,9,0.6014920771166808,0.642081051033041,0.7206267861308909,0.7230769230769231,0.6923076923076923,0.7025641025641025,0.7059829059829058,0.0494525318951248,,,,,,,False,not_tested,candidate_pool_radar_signal,independent_radar_crosscheck_and_statistical_anomaly,AOI_level_temporal_environmental_context,verification_attempt_and_data_quality_status
HH_023_to_029_2085,HH_023_to_029,2085,90.2146402,22.4744935,8000,-0.2928161,-0.47803473,-0.21159604,0.5875250101089478,0.5825514197349548,0.295173317193985,0.319197416305542,0.5064200162887573,0.49739471077919,0.28936368227005,0.2897352576255798,-0.2981613278388977,0.2112466990947723,500,0.0615727230906486,0.3297681212425232,-5.431997776031494,6.010245323181152,-1.5963318347930908,1.6580060720443726,33.0,19.8,11.2,2026-07-02,1.8073930848038584,18.92466027599626,25.937018327722456,,16.12448162053782,5,2026-08-31,10.381618789578503,29.070141490512185,45.39761703543667,64.67995907626292,18.58417429620198,5,2026-08-19,1.518043506933424,15.6441127857508,68.99127927886214,139.20850416637344,31.4804791104002,7,2026-09-12,5.835262578200746,13.056935698630676,32.511206868680866,131.93132861140086,42.59894201577027,9,0.3308178462972141,0.36802880867362,0.4130363637040217,0.2,0.1897435897435897,0.1948717948717948,0.1948717948717948,0.0336158367694065,,,,,,,False,not_tested,candidate_pool_radar_signal,independent_radar_crosscheck_and_statistical_anomaly,AOI_level_temporal_environmental_context,verification_attempt_and_data_quality_status
HH_023_to_029_2088,HH_023_to_029,2088,90.1540396,22.4720556,29200,-0.29103112,-0.5223979,-0.20177525,0.6010095477104187,0.6335517764091492,0.2907406687736511,0.3026574254035949,0.3621237576007843,0.3543485999107361,0.3179538547992706,0.3425206542015075,-0.283055692911148,0.0713830888271331,1825,1.1730893850326538,1.3028671741485596,-7.706746101379394,8.183730125427246,-1.089202642440796,3.5269174575805664,25.8082191780822,16.054794520547947,9.917808219178085,2026-07-02,1.8073930848038584,18.92466027599626,25.937018327722456,,16.12448162053782,5,2026-08-31,10.381618789578503,29.070141490512185,45.39761703543667,64.67995907626292,18.58417429620198,5,2026-08-19,1.518043506933424,15.6441127857508,68.99127927886214,139.20850416637344,31.4804791104002,7,2026-09-12,5.835262578200746,13.056935698630676,32.511206868680866,131.93132861140086,42.59894201577027,9,0.3534654177411937,0.4219280693467734,0.487180392985589,0.241025641025641,0.282051282051282,0.3333333333333333,0.2854700854700855,0.0545941541536179,,,,,,,False,not_tested,candidate_pool_radar_signal,independent_radar_crosscheck_and_statistical_anomaly,AOI_level_temporal_environmental_context,verification_attempt_and_data_quality_status
HH_023_to_029_2096,HH_023_to_029,2096,90.165664,22.4733958,4000,-0.27241075,-0.33094943,-0.20993747,0.5238452553749084,0.5560339093208313,0.2852301299571991,0.2980388700962066,0.4341517984867096,0.407276451587677,0.2697375118732452,0.2836230993270874,-0.2541077435016632,0.1489216685295105,250,-0.792000949382782,-0.7577701210975647,-6.674428462982178,6.575573921203613,-2.529427528381348,0.7060346007347107,43.2,33.2,21.2,2026-07-02,1.8073930848038584,18.92466027599626,25.937018327722456,,16.12448162053782,5,2026-08-31,10.381618789578503,29.070141490512185,45.39761703543667,64.67995907626292,18.58417429620198,5,2026-08-19,1.518043506933424,15.6441127857508,68.99127927886214,139.20850416637344,31.4804791104002,7,2026-09-12,5.835262578200746,13.056935698630676,32.511206868680866,131.93132861140086,42.59894201577027,9,0.4852862667795013,0.5397407297474682,0.6132356145611338,0.5384615384615384,0.5333333333333333,0.5128205128205128,0.5282051282051282,0.0524275396551689,,,,,,,False,not_tested,candidate_pool_radar_signal,independent_radar_crosscheck_and_statistical_anomaly,AOI_level_temporal_environmental_context,verification_attempt_and_data_quality_status
HH_023_to_029_2115,HH_023_to_029,2115,90.1967136,22.4734773,5600,-0.3063397,-0.45384917,-0.20567903,0.6982738971710205,0.6719341278076172,0.4318591654300689,0.4383096396923065,0.5465754866600037,0.5326317548751831,0.3777071833610534,0.3655944764614105,-0.320566713809967,0.1147163212299346,350,-1.5050833225250244,-0.9827649593353271,-8.284601211547852,4.6642165184021,-3.699228525161743,0.7478999495506287,49.71428571428572,40.0,32.0,2026-07-02,1.8073930848038584,18.92466027599626,25.937018327722456,,16.12448162053782,5,2026-08-31,10.381618789578503,29.070141490512185,45.39761703543667,64.67995907626292,18.58417429620198,5,2026-08-19,1.518043506933424,15.6441127857508,68.99127927886214,139.20850416637344,31.4804791104002,7,2026-09-12,5.835262578200746,13.056935698630676,32.511206868680866,131.93132861140086,42.59894201577027,9,0.5319114931279922,0.5964155417856064,0.672820591287294,0.6307692307692307,0.6256410256410256,0.6153846153846154,0.6239316239316239,0.0575942491599126,,,,,,,False,not_tested,candidate_pool_radar_signal,independent_radar_crosscheck_and_statistical_anomaly,AOI_level_temporal_environmental_context,verification_attempt_and_data_quality_status
HH_023_to_029_2137,HH_023_to_029,2137,90.1750455,22.4730972,6000,-0.29586977,-0.39661464,-0.2109049,0.6025468707084656,0.6025452017784119,0.1993348598480224,0.232649490237236,0.3805632591247558,0.3533440828323364,0.2957198023796081,0.306675523519516,-0.3068270683288574,0.1812283992767334,375,-2.082474708557129,-1.9853781461715696,-10.024624824523926,6.665004730224609,-3.5851547718048096,-0.4850804805755615,67.73333333333333,49.86666666666667,34.66666666666667,2026-07-02,1.8073930848038584,18.92466027599626,25.937018327722456,,16.12448162053782,5,2026-08-31,10.381618789578503,29.070141490512185,45.39761703543667,64.67995907626292,18.58417429620198,5,2026-08-19,1.518043506933424,15.6441127857508,68.99127927886214,139.20850416637344,31.4804791104002,7,2026-09-12,5.835262578200746,13.056935698630676,32.511206868680866,131.93132861140086,42.59894201577027,9,0.5178129881970335,0.5884227024043097,0.6675197733967169,0.6153846153846154,0.6,0.5897435897435898,0.6017094017094018,0.0611502702045772,,,,,,,False,not_tested,candidate_pool_radar_signal,independent_radar_crosscheck_and_statistical_anomaly,AOI_level_temporal_environmental_context,verification_attempt_and_data_quality_status
HH_023_to_029_2152,HH_023_to_029,2152,90.2085867,22.4736576,5200,-0.36090633,-0.5175375,-0.2144796,0.5774268507957458,0.5945185422897339,0.3139078617095947,0.3428716361522674,0.3635029196739197,0.3617646396160126,0.21684530377388,0.2336122244596481,-0.3605815470218658,0.0495950579643249,325,-1.0572372674942017,-1.440387725830078,-8.850478172302246,8.238753318786621,-3.9305458068847656,0.7796663641929626,56.30769230769231,43.69230769230769,37.230769230769226,2026-07-02,1.8073930848038584,18.92466027599626,25.937018327722456,,16.12448162053782,5,2026-08-31,10.381618789578503,29.070141490512185,45.39761703543667,64.67995907626292,18.58417429620198,5,2026-08-19,1.518043506933424,15.6441127857508,68.99127927886214,139.20850416637344,31.4804791104002,7,2026-09-12,5.835262578200746,13.056935698630676,32.511206868680866,131.93132861140086,42.59894201577027,9,0.6782398246964677,0.7658681091594303,0.8462359231851474,0.8205128205128205,0.8256410256410256,0.8,0.8153846153846155,0.0686054669643853,,,,,,,False,not_tested,candidate_pool_radar_signal,independent_radar_crosscheck_and_statistical_anomaly,AOI_level_temporal_environmental_context,verification_attempt_and_data_quality_status
HH_023_to_029_2157,HH_023_to_029,2157,90.1560216,22.4723624,4800,-0.32315248,-0.4909648,-0.21162891,0.7332621812820435,0.7160709500312805,0.4465733766555786,0.4386161565780639,0.4556501507759094,0.4294558763504028,0.405798852443695,0.3929184377193451,-0.3274633288383484,0.0090767741203308,300,0.8462108969688416,0.8600548505783081,-5.077356338500977,7.246541023254394,-1.5903218984603882,3.1052136421203613,30.333333333333336,20.0,10.0,2026-07-02,1.8073930848038584,18.92466027599626,25.937018327722456,,16.12448162053782,5,2026-08-31,10.381618789578503,29.070141490512185,45.39761703543667,64.67995907626292,18.58417429620198,5,2026-08-19,1.518043506933424,15.6441127857508,68.99127927886214,139.20850416637344,31.4804791104002,7,2026-09-12,5.835262578200746,13.056935698630676,32.511206868680866,131.93132861140086,42.59894201577027,9,0.3836497358619993,0.4186622121339735,0.4493636154560458,0.3230769230769231,0.2769230769230769,0.2358974358974359,0.2786324786324787,0.0268468157266388,,,,,,,False,not_tested,candidate_pool_radar_signal,independent_radar_crosscheck_and_statistical_anomaly,AOI_level_temporal_environmental_context,verification_attempt_and_data_quality_status
HH_023_to_029_2186,HH_023_to_029,2186,90.2035156,22.4728267,10400,-0.31920198,-0.5300225,-0.20590022,0.5793720483779907,0.5977466106414795,0.357693463563919,0.363787978887558,0.3046916723251343,0.3044883906841278,0.2641459703445434,0.2785446643829345,-0.3152260780334472,-0.0530017912387847,650,1.2518290281295776,1.0551341772079468,-6.8948893547058105,12.47174072265625,-1.012961983680725,2.9391026496887207,25.07692307692308,12.0,6.0,2026-07-02,1.8073930848038584,18.92466027599626,25.937018327722456,,16.12448162053782,5,2026-08-31,10.381618789578503,29.070141490512185,45.39761703543667,64.67995907626292,18.58417429620198,5,2026-08-19,1.518043506933424,15.6441127857508,68.99127927886214,139.20850416637344,31.4804791104002,7,2026-09-12,5.835262578200746,13.056935698630676,32.511206868680866,131.93132861140086,42.59894201577027,9,1.291006293292033,1.3272768072518442,1.4436462720559766,0.958974358974359,0.9384615384615383,0.9384615384615383,0.9452991452991452,0.0651121815184005,,,,,,,False,not_tested,candidate_pool_radar_signal,independent_radar_crosscheck_and_statistical_anomaly,AOI_level_temporal_environmental_context,verification_attempt_and_data_quality_status
HH_023_to_029_2228,HH_023_to_029,2228,90.1619441,22.4713659,4400,-0.30270815,-0.492032,-0.20186746,0.7189997434616089,0.706679105758667,0.327900767326355,0.341039627790451,0.2923323214054107,0.27088463306427,0.422317236661911,0.4039710164070129,-0.2966825067996979,-0.0355684459209442,275,-0.4394392669200897,0.5589370727539062,-7.933940410614014,5.3946614265441895,-3.1391355991363525,1.9492199420928955,35.27272727272727,28.72727272727273,25.454545454545453,2026-07-02,1.8073930848038584,18.92466027599626,25.937018327722456,,16.12448162053782,5,2026-08-31,10.381618789578503,29.070141490512185,45.39761703543667,64.67995907626292,18.58417429620198,5,2026-08-19,1.518043506933424,15.6441127857508,68.99127927886214,139.20850416637344,31.4804791104002,7,2026-09-12,5.835262578200746,13.056935698630676,32.511206868680866,131.93132861140086,42.59894201577027,9,0.5770212821995416,0.6416025970576023,0.7163366292749305,0.6923076923076923,0.6871794871794872,0.6871794871794872,0.6888888888888888,0.056925572979103,,,,,,,False,not_tested,candidate_pool_radar_signal,independent_radar_crosscheck_and_statistical_anomaly,AOI_level_temporal_environmental_context,verification_attempt_and_data_quality_status
HH_023_to_029_2259,HH_023_to_029,2259,90.1886662,22.4715755,5200,-0.25713775,-0.3866982,-0.20087668,0.6015176773071289,0.5910208821296692,0.3028697967529297,0.3197272717952728,0.3673748970031738,0.3584695160388946,0.3016317188739776,0.333883136510849,-0.2998859584331512,0.0645051002502441,325,0.0807611569762229,0.1363331824541092,-7.310760498046875,4.746664047241211,-1.340313196182251,1.5790963172912598,28.923076923076923,16.0,9.230769230769232,2026-07-02,1.8073930848038584,18.92466027599626,25.937018327722456,,16.12448162053782,5,2026-08-31,10.381618789578503,29.070141490512185,45.39761703543667,64.67995907626292,18.58417429620198,5,2026-08-19,1.518043506933424,15.6441127857508,68.99127927886214,139.20850416637344,31.4804791104002,7,2026-09-12,5.835262578200746,13.056935698630676,32.511206868680866,131.93132861140086,42.59894201577027,9,0.3545301713850312,0.424715414936653,0.4794895787097529,0.2461538461538461,0.3025641025641025,0.3128205128205128,0.2871794871794872,0.051143622289901,,,,,,,False,not_tested,candidate_pool_radar_signal,independent_radar_crosscheck_and_statistical_anomaly,AOI_level_temporal_environmental_context,verification_attempt_and_data_quality_status
HH_023_to_029_2271,HH_023_to_029,2271,90.2033298,22.4715033,5600,-0.29883608,-0.4527763,-0.21003668,0.4458890557289123,0.4740456938743591,0.2585320770740509,0.2651979625225067,0.2397840023040771,0.2467985600233078,0.1813349723815918,0.1752096116542816,-0.2645540833473205,-0.0187480747699737,350,1.2595210075378418,1.141042709350586,-3.4499430656433105,7.207234382629394,-0.8334386944770813,2.976232051849365,21.714285714285715,8.857142857142856,2.2857142857142856,2026-07-02,1.8073930848038584,18.92466027599626,25.937018327722456,,16.12448162053782,5,2026-08-31,10.381618789578503,29.070141490512185,45.39761703543667,64.67995907626292,18.58417429620198,5,2026-08-19,1.518043506933424,15.6441127857508,68.99127927886214,139.20850416637344,31.4804791104002,7,2026-09-12,5.835262578200746,13.056935698630676,32.511206868680866,131.93132861140086,42.59894201577027,9,0.2456938509355616,0.3156620348973283,0.3847620108953847,0.0307692307692307,0.0564102564102564,0.082051282051282,0.0564102564102564,0.056774707362082,,,,,,,False,not_tested,candidate_pool_radar_signal,independent_radar_crosscheck_and_statistical_anomaly,AOI_level_temporal_environmental_context,verification_attempt_and_data_quality_status
HH_023_to_029_2272,HH_023_to_029,2272,90.2141327,22.4710817,14000,-0.32028872,-0.55335534,-0.20343491,0.6150243282318115,0.6235294938087463,0.3273706138134002,0.3416427075862884,0.2752274572849273,0.2888412177562713,0.315403401851654,0.3032406568527221,-0.2996209263801574,-0.0521431565284729,835,0.2753924131393432,0.2985906600952148,-6.537703990936279,7.526965141296387,-1.488273859024048,2.134752988815308,32.81437125748503,19.281437125748504,11.976047904191615,2026-07-02,1.8073930848038584,18.92466027599626,25.937018327722456,,16.12448162053782,5,2026-08-31,10.381618789578503,29.070141490512185,45.39761703543667,64.67995907626292,18.58417429620198,5,2026-08-19,1.518043506933424,15.6441127857508,68.99127927886214,139.20850416637344,31.4804791104002,7,2026-09-12,5.835262578200746,13.056935698630676,32.511206868680866,131.93132861140086,42.59894201577027,9,0.3762302307780579,0.4069626123877777,0.4642784146215343,0.3076923076923077,0.2461538461538461,0.2769230769230769,0.2769230769230769,0.0364875369030138,,,,,,,False,not_tested,candidate_pool_radar_signal,independent_radar_crosscheck_and_statistical_anomaly,AOI_level_temporal_environmental_context,verification_attempt_and_data_quality_status
HH_023_to_029_2276,HH_023_to_029,2276,90.1593647,22.4705655,4400,-0.3199515,-0.47472456,-0.20402038,0.6966485381126404,0.6854370832443237,0.3678129315376282,0.3710800111293793,0.3769124746322632,0.4163120985031128,0.3250019550323486,0.3654854893684387,-0.3716465830802917,0.009099543094635,265,0.9842833280563354,0.7861800193786621,-4.140349864959717,6.611486434936523,-0.4741168320178985,2.2882487773895264,13.58490566037736,4.905660377358491,1.8867924528301887,2026-07-02,1.8073930848038584,18.92466027599626,25.937018327722456,,16.12448162053782,5,2026-08-31,10.381618789578503,29.070141490512185,45.39761703543667,64.67995907626292,18.58417429620198,5,2026-08-19,1.518043506933424,15.6441127857508,68.99127927886214,139.20850416637344,31.4804791104002,7,2026-09-12,5.835262578200746,13.056935698630676,32.511206868680866,131.93132861140086,42.59894201577027,9,0.3502353888353743,0.3692691198392601,0.386703666128783,0.2256410256410256,0.1948717948717948,0.0974358974358974,0.1726495726495726,0.0148928825991132,,,,,,,False,not_tested,candidate_pool_radar_signal,independent_radar_crosscheck_and_statistical_anomaly,AOI_level_temporal_environmental_context,verification_attempt_and_data_quality_status
HH_023_to_029_2290,HH_023_to_029,2290,90.1567156,22.47039,5200,-0.31552792,-0.42703414,-0.20539415,0.6220818758010864,0.6162973046302795,0.3310702443122864,0.3906053006649017,0.3086511790752411,0.320546805858612,0.3237194716930389,0.3007693588733673,-0.2983624041080475,-0.0224190652370452,295,0.2341732680797577,1.0170776844024658,-9.13286018371582,6.8656182289123535,-1.9812233448028564,3.04826021194458,30.16949152542373,25.08474576271186,19.661016949152543,2026-07-02,1.8073930848038584,18.92466027599626,25.937018327722456,,16.12448162053782,5,2026-08-31,10.381618789578503,29.070141490512185,45.39761703543667,64.67995907626292,18.58417429620198,5,2026-08-19,1.518043506933424,15.6441127857508,68.99127927886214,139.20850416637344,31.4804791104002,7,2026-09-12,5.835262578200746,13.056935698630676,32.511206868680866,131.93132861140086,42.59894201577027,9,0.5514914510011845,0.6241316441390422,0.7067651143002276,0.6564102564102564,0.6717948717948717,0.6666666666666666,0.6649572649572649,0.0634339538980762,,,,,,,False,not_tested,candidate_pool_radar_signal,independent_radar_crosscheck_and_statistical_anomaly,AOI_level_temporal_environmental_context,verification_attempt_and_data_quality_status
HH_023_to_029_2314,HH_023_to_029,2314,90.1747377,22.4705554,4800,-0.301137,-0.43451783,-0.23071054,0.813249945640564,0.8060572147369385,0.4334021806716919,0.4570130407810211,0.6890807747840881,0.6723255515098572,0.4934066832065582,0.504920244216919,-0.3198432624340057,0.2556785941123962,300,0.7938334345817566,1.3442245721817017,-6.938590049743652,8.464029312133789,-1.1495121717453003,2.948162078857422,26.0,18.33333333333333,11.0,2026-07-02,1.8073930848038584,18.92466027599626,25.937018327722456,,16.12448162053782,5,2026-08-31,10.381618789578503,29.070141490512185,45.39761703543667,64.67995907626292,18.58417429620198,5,2026-08-19,1.518043506933424,15.6441127857508,68.99127927886214,139.20850416637344,31.4804791104002,7,2026-09-12,5.835262578200746,13.056935698630676,32.511206868680866,131.93132861140086,42.59894201577027,9,0.3832143876340048,0.4459810817282624,0.5052455672980884,0.3179487179487179,0.3641025641025641,0.3692307692307692,0.3504273504273504,0.049825858912802,,,,,,,False,not_tested,candidate_pool_radar_signal,independent_radar_crosscheck_and_statistical_anomaly,AOI_level_temporal_environmental_context,verification_attempt_and_data_quality_status
HH_023_to_029_2315,HH_023_to_029,2315,90.1769594,22.4703536,4800,-0.30179682,-0.390084,-0.2022874,0.6796180009841919,0.6522789597511292,0.305756151676178,0.3134692907333374,0.2377776801586151,0.274062842130661,0.3732038140296936,0.3504821956157684,-0.3064141869544983,-0.0679784715175628,260,-0.7879588603973389,-0.6923967599868774,-7.628695487976074,5.205898284912109,-2.5949363708496094,0.9160592555999756,45.76923076923077,32.69230769230769,20.0,2026-07-02,1.8073930848038584,18.92466027599626,25.937018327722456,,16.12448162053782,5,2026-08-31,10.381618789578503,29.070141490512185,45.39761703543667,64.67995907626292,18.58417429620198,5,2026-08-19,1.518043506933424,15.6441127857508,68.99127927886214,139.20850416637344,31.4804791104002,7,2026-09-12,5.835262578200746,13.056935698630676,32.511206868680866,131.93132861140086,42.59894201577027,9,0.4715359705237454,0.5213613495546308,0.571561881279278,0.5128205128205128,0.5076923076923077,0.4769230769230769,0.4991452991452991,0.040835502804249,,,,,,,False,not_tested,candidate_pool_radar_signal,independent_radar_crosscheck_and_statistical_anomaly,AOI_level_temporal_environmental_context,verification_attempt_and_data_quality_status
HH_023_to_029_2321,HH_023_to_029,2321,90.2098926,22.4706012,21600,-0.32278213,-0.54923606,-0.20484614,0.6134529113769531,0.6151230335235596,0.3724753856658935,0.3557679355144501,0.4365801811218261,0.4233384728431701,0.3038357496261596,0.2923409342765808,-0.3096171617507934,0.0641047954559326,1245,0.1450086683034896,0.4504412114620209,-8.9241943359375,7.335237979888916,-1.3197143077850342,1.891196012496948,29.31726907630522,17.59036144578313,10.763052208835342,2026-07-02,1.8073930848038584,18.92466027599626,25.937018327722456,,16.12448162053782,5,2026-08-31,10.381618789578503,29.070141490512185,45.39761703543667,64.67995907626292,18.58417429620198,5,2026-08-19,1.518043506933424,15.6441127857508,68.99127927886214,139.20850416637344,31.4804791104002,7,2026-09-12,5.835262578200746,13.056935698630676,32.511206868680866,131.93132861140086,42.59894201577027,9,0.4231624593184078,0.4964340584974657,0.5671646748311598,0.4358974358974359,0.4512820512820513,0.4615384615384615,0.4495726495726496,0.0587917089825331,,,,,,,False,not_tested,candidate_pool_radar_signal,independent_radar_crosscheck_and_statistical_anomaly,AOI_level_temporal_environmental_context,verification_attempt_and_data_quality_status
VV_025_to_026_19,VV_025_to_026,19,90.1674814,22.5090991,4000,-0.26873875,-0.3808488,-0.2158809,0.5766632556915283,0.534632682800293,0.6152611970901489,0.5921886563301086,0.3330394029617309,0.3234499394893646,0.4307402670383453,0.4363606572151184,-0.1459229886531829,-0.2822217941284179,250,0.814774215221405,1.0359816551208496,-4.256672382354736,5.391669750213623,-0.6919090151786804,2.3284058570861816,20.4,14.000000000000002,3.2,2026-07-02,1.8073930848038584,18.92466027599626,25.937018327722456,,16.12448162053782,5,2026-08-31,10.381618789578503,29.070141490512185,45.39761703543667,64.67995907626292,18.58417429620198,5,2026-08-19,1.518043506933424,15.6441127857508,68.99127927886214,139.20850416637344,31.4804791104002,7,2026-09-12,5.835262578200746,13.056935698630676,32.511206868680866,131.93132861140086,42.59894201577027,9,0.551782166926759,0.8044249149725058,1.0822648381485918,0.1875,0.25,0.375,0.2708333333333333,0.2166500623169003,,,,,,,False,not_tested,candidate_pool_radar_signal,independent_radar_crosscheck_and_statistical_anomaly,AOI_level_temporal_environmental_context,verification_attempt_and_data_quality_status
VV_025_to_026_87,VV_025_to_026,87,90.1923973,22.5082479,4800,-0.2971368,-0.4688848,-0.21884413,0.3951413035392761,0.4650222361087799,0.4917591214179992,0.4970422685146332,0.1958664804697036,0.1999053508043289,0.4811203479766845,0.4800352752208709,0.0859790444374084,-0.2958926409482956,300,-2.972614526748657,-3.132713794708252,-14.221352577209473,4.436692714691162,-5.3417067527771,-0.4472730755805969,72.0,61.33333333333333,51.0,2026-07-02,1.8073930848038584,18.92466027599626,25.937018327722456,,16.12448162053782,5,2026-08-31,10.381618789578503,29.070141490512185,45.39761703543667,64.67995907626292,18.58417429620198,5,2026-08-19,1.518043506933424,15.6441127857508,68.99127927886214,139.20850416637344,31.4804791104002,7,2026-09-12,5.835262578200746,13.056935698630676,32.511206868680866,131.93132861140086,42.59894201577027,9,1.9321710915530048,2.329329692083621,2.7195863786301158,0.9375,0.9375,0.9375,0.9375,0.3214650611207685,,,,,,,False,not_tested,candidate_pool_radar_signal,independent_radar_crosscheck_and_statistical_anomaly,AOI_level_temporal_environmental_context,verification_attempt_and_data_quality_status
VV_025_to_026_207,VV_025_to_026,207,90.2196199,22.5057297,4000,-0.24054666,-0.28778026,-0.21330525,0.4887232780456543,0.4849239885807037,0.5116764307022095,0.5120033025741577,0.2696068584918976,0.2714565396308899,0.3464309573173523,0.3849778771400451,-0.142292320728302,-0.2420695722103119,250,-6.406593322753906,-7.05075216293335,-13.665271759033203,2.1029090881347656,-10.406387329101562,-2.4687304496765137,86.4,79.60000000000001,72.39999999999999,2026-07-02,1.8073930848038584,18.92466027599626,25.937018327722456,,16.12448162053782,5,2026-08-31,10.381618789578503,29.070141490512185,45.39761703543667,64.67995907626292,18.58417429620198,5,2026-08-19,1.518043506933424,15.6441127857508,68.99127927886214,139.20850416637344,31.4804791104002,7,2026-09-12,5.835262578200746,13.056935698630676,32.511206868680866,131.93132861140086,42.59894201577027,9,3.81109741714616,4.483446108657541,4.991631428586377,1.0,1.0,1.0,1.0,0.483501767724606,2.0,0.0,0.0,1.0,0.7520661157024794,0.0,True,tested_but_inconclusive_no_valid_pixels,candidate_pool_radar_signal,independent_radar_crosscheck_and_statistical_anomaly,AOI_level_temporal_environmental_context,verification_attempt_and_data_quality_status
VV_025_to_026_415,VV_025_to_026,415,90.1568177,22.4999362,4800,-0.25954998,-0.37518278,-0.20161635,0.3856653571128845,0.3761175870895386,0.5858526229858398,0.5400339365005493,0.2960681021213531,0.2804840207099914,0.3554158806800842,0.387326568365097,-0.0302494764328002,-0.2897845208644867,300,-3.0014779567718506,-2.383589744567871,-12.349124908447266,4.714677333831787,-6.115543365478516,-0.0823595374822616,64.33333333333333,54.333333333333336,44.66666666666666,2026-07-02,1.8073930848038584,18.92466027599626,25.937018327722456,,16.12448162053782,5,2026-08-31,10.381618789578503,29.070141490512185,45.39761703543667,64.67995907626292,18.58417429620198,5,2026-08-19,1.518043506933424,15.6441127857508,68.99127927886214,139.20850416637344,31.4804791104002,7,2026-09-12,5.835262578200746,13.056935698630676,32.511206868680866,131.93132861140086,42.59894201577027,9,1.643253360630112,1.9560254594383188,2.2784737807791884,0.75,0.75,0.75,0.75,0.2593376794628973,,,,,,,False,not_tested,candidate_pool_radar_signal,independent_radar_crosscheck_and_statistical_anomaly,AOI_level_temporal_environmental_context,verification_attempt_and_data_quality_status
VV_025_to_026_482,VV_025_to_026,482,90.151746,22.4985678,4000,-0.24954386,-0.35161832,-0.20737472,0.349213033914566,0.3824348449707031,0.4988861083984375,0.5106523036956787,0.2639007568359375,0.2611084580421448,0.3003530502319336,0.3449918627738952,-0.0488599836826324,-0.2349853515625,250,0.2923588752746582,0.4822277426719665,-5.351685523986816,5.629222869873047,-0.9633232355117798,1.5771560668945312,24.8,14.4,6.800000000000001,2026-07-02,1.8073930848038584,18.92466027599626,25.937018327722456,,16.12448162053782,5,2026-08-31,10.381618789578503,29.070141490512185,45.39761703543667,64.67995907626292,18.58417429620198,5,2026-08-19,1.518043506933424,15.6441127857508,68.99127927886214,139.20850416637344,31.4804791104002,7,2026-09-12,5.835262578200746,13.056935698630676,32.511206868680866,131.93132861140086,42.59894201577027,9,0.4440920672940665,0.6245602866201597,0.82487802130194,0.0625,0.0625,0.0625,0.0625,0.1555256019597407,,,,,,,False,not_tested,candidate_pool_radar_signal,independent_radar_crosscheck_and_statistical_anomaly,AOI_level_temporal_environmental_context,verification_attempt_and_data_quality_status
VV_025_to_026_566,VV_025_to_026,566,90.1815711,22.4974318,4000,-0.26369178,-0.31806445,-0.20426172,0.2835367321968078,0.332214742898941,0.3980773687362671,0.3859260678291321,0.1247297301888465,0.1222342997789383,0.2670781016349792,0.2637238502502441,-0.0164586305618286,-0.2733476385474205,250,-0.7770969271659851,-0.8735947012901306,-5.194421291351318,4.638692855834961,-2.1324350833892822,0.4485487043857574,46.8,28.4,12.0,2026-07-02,1.8073930848038584,18.92466027599626,25.937018327722456,,16.12448162053782,5,2026-08-31,10.381618789578503,29.070141490512185,45.39761703543667,64.67995907626292,18.58417429620198,5,2026-08-19,1.518043506933424,15.6441127857508,68.99127927886214,139.20850416637344,31.4804791104002,7,2026-09-12,5.835262578200746,13.056935698630676,32.511206868680866,131.93132861140086,42.59894201577027,9,0.6762189132102874,0.872647164393325,1.0823097069279166,0.3125,0.375,0.4375,0.375,0.1658152158770285,,,,,,,False,not_tested,candidate_pool_radar_signal,independent_radar_crosscheck_and_statistical_anomaly,AOI_level_temporal_environmental_context,verification_attempt_and_data_quality_status
VV_025_to_026_708,VV_025_to_026,708,90.21585,22.4952384,5200,-0.2737005,-0.39122793,-0.20555535,0.4472590982913971,0.4614872336387634,0.57378089427948,0.5661169290542603,0.2939375936985016,0.2924164235591888,0.5140794515609741,0.5405828952789307,0.066820353269577,-0.2798433005809784,325,0.0878015160560607,0.2416242510080337,-6.797384262084961,5.8178300857543945,-2.359238386154175,2.5502004623413086,37.230769230769226,26.769230769230766,18.461538461538463,2026-07-02,1.8073930848038584,18.92466027599626,25.937018327722456,,16.12448162053782,5,2026-08-31,10.381618789578503,29.070141490512185,45.39761703543667,64.67995907626292,18.58417429620198,5,2026-08-19,1.518043506933424,15.6441127857508,68.99127927886214,139.20850416637344,31.4804791104002,7,2026-09-12,5.835262578200746,13.056935698630676,32.511206868680866,131.93132861140086,42.59894201577027,9,0.8835009302916355,0.9683239285135168,1.0779232937198335,0.4375,0.4375,0.3125,0.3958333333333333,0.0795871411179687,,,,,,,False,not_tested,candidate_pool_radar_signal,independent_radar_crosscheck_and_statistical_anomaly,AOI_level_temporal_environmental_context,verification_attempt_and_data_quality_status
VV_025_to_026_854,VV_025_to_026,854,90.1736014,22.4909558,4000,-0.2540111,-0.3007763,-0.22570002,0.477960467338562,0.4456252157688141,0.4932999014854431,0.50787752866745,0.2265384197235107,0.2538664638996124,0.4390797019004822,0.4480826258659363,-0.0388807654380798,-0.2667614817619324,250,0.8458088040351868,0.691536545753479,-4.247993469238281,6.362307548522949,-0.6117221117019653,2.475499391555786,21.6,12.4,7.199999999999999,2026-07-02,1.8073930848038584,18.92466027599626,25.937018327722456,,16.12448162053782,5,2026-08-31,10.381618789578503,29.070141490512185,45.39761703543667,64.67995907626292,18.58417429620198,5,2026-08-19,1.518043506933424,15.6441127857508,68.99127927886214,139.20850416637344,31.4804791104002,7,2026-09-12,5.835262578200746,13.056935698630676,32.511206868680866,131.93132861140086,42.59894201577027,9,0.5741946255643143,0.782965634576902,1.0482482881863664,0.25,0.1875,0.25,0.2291666666666666,0.1939894314290788,,,,,,,False,not_tested,candidate_pool_radar_signal,independent_radar_crosscheck_and_statistical_anomaly,AOI_level_temporal_environmental_context,verification_attempt_and_data_quality_status
VV_025_to_026_877,VV_025_to_026,877,90.2143571,22.4914985,4400,-0.33324698,-0.5066437,-0.20293528,0.5413250923156738,0.5566103458404541,0.5976173877716064,0.6115262508392334,0.2900381684303283,0.2782792448997497,0.4564791917800903,0.4309633374214172,-0.0848459005355835,-0.3075792193412781,275,-0.3884260654449463,-0.2415328621864318,-10.289361953735352,4.532627582550049,-1.3341395854949951,0.9975784420967102,33.45454545454545,19.63636363636364,12.727272727272728,2026-07-02,1.8073930848038584,18.92466027599626,25.937018327722456,,16.12448162053782,5,2026-08-31,10.381618789578503,29.070141490512185,45.39761703543667,64.67995907626292,18.58417429620198,5,2026-08-19,1.518043506933424,15.6441127857508,68.99127927886214,139.20850416637344,31.4804791104002,7,2026-09-12,5.835262578200746,13.056935698630676,32.511206868680866,131.93132861140086,42.59894201577027,9,1.3422556410719233,1.4460628535886983,1.6109987717136147,0.625,0.625,0.625,0.625,0.1106559556690662,,,,,,,False,not_tested,candidate_pool_radar_signal,independent_radar_crosscheck_and_statistical_anomaly,AOI_level_temporal_environmental_context,verification_attempt_and_data_quality_status
VV_025_to_026_935,VV_025_to_026,935,90.160373,22.488652,4400,-0.29592788,-0.34689122,-0.23162149,0.2267067283391952,0.2598233819007873,0.4933597445487976,0.4860004186630249,0.1482830792665481,0.1900725364685058,0.1979971975088119,0.231547012925148,-0.0287095308303833,-0.3450766652822494,275,-0.7862997651100159,-0.6261577606201172,-5.312814712524414,4.561359405517578,-2.078195095062256,0.6453577876091003,41.45454545454545,25.818181818181817,13.454545454545457,2026-07-02,1.8073930848038584,18.92466027599626,25.937018327722456,,16.12448162053782,5,2026-08-31,10.381618789578503,29.070141490512185,45.39761703543667,64.67995907626292,18.58417429620198,5,2026-08-19,1.518043506933424,15.6441127857508,68.99127927886214,139.20850416637344,31.4804791104002,7,2026-09-12,5.835262578200746,13.056935698630676,32.511206868680866,131.93132861140086,42.59894201577027,9,0.6870221628725811,0.8406429933943492,1.0415750859411514,0.375,0.3125,0.1875,0.2916666666666667,0.1451745465300696,,,,,,,False,not_tested,candidate_pool_radar_signal,independent_radar_crosscheck_and_statistical_anomaly,AOI_level_temporal_environmental_context,verification_attempt_and_data_quality_status
VV_025_to_026_1053,VV_025_to_026,1053,90.1983754,22.4868634,6000,-0.24888375,-0.3567862,-0.20026481,0.4187899529933929,0.386367917060852,0.4434338808059692,0.4686125814914703,0.2000765651464462,0.219728797674179,0.5009780526161194,0.4949434101581573,0.0821880996227264,-0.243357315659523,375,-0.8939146995544434,-1.178041934967041,-8.306015968322754,7.035233974456787,-3.442921161651612,1.7263598442077637,51.46666666666667,39.73333333333333,30.933333333333334,2026-07-02,1.8073930848038584,18.92466027599626,25.937018327722456,,16.12448162053782,5,2026-08-31,10.381618789578503,29.070141490512185,45.39761703543667,64.67995907626292,18.58417429620198,5,2026-08-19,1.518043506933424,15.6441127857508,68.99127927886214,139.20850416637344,31.4804791104002,7,2026-09-12,5.835262578200746,13.056935698630676,32.511206868680866,131.93132861140086,42.59894201577027,9,1.5456843923467252,1.6993683392851948,1.824569997807479,0.6875,0.6875,0.6875,0.6875,0.1140523231662303,,,,,,,False,not_tested,candidate_pool_radar_signal,independent_radar_crosscheck_and_statistical_anomaly,AOI_level_temporal_environmental_context,verification_attempt_and_data_quality_status
VV_025_to_026_1135,VV_025_to_026,1135,90.1586449,22.4841993,10400,-0.27352163,-0.45745713,-0.2011393,0.3356552720069885,0.3473739326000213,0.4735061526298523,0.478883683681488,0.2104481756687164,0.2053620219230651,0.3958379030227661,0.3826176226139068,0.0601826310157775,-0.2630579769611358,650,-2.5511457920074463,-1.9456512928009035,-15.824577331542969,7.943752288818359,-4.535440444946289,0.2985727787017822,61.38461538461538,49.38461538461538,40.76923076923077,2026-07-02,1.8073930848038584,18.92466027599626,25.937018327722456,,16.12448162053782,5,2026-08-31,10.381618789578503,29.070141490512185,45.39761703543667,64.67995907626292,18.58417429620198,5,2026-08-19,1.518043506933424,15.6441127857508,68.99127927886214,139.20850416637344,31.4804791104002,7,2026-09-12,5.835262578200746,13.056935698630676,32.511206868680866,131.93132861140086,42.59894201577027,9,1.752406361763409,2.105738386109514,2.641319029401787,0.8125,0.8125,0.875,0.8333333333333334,0.3654306250600271,,,,,,,False,not_tested,candidate_pool_radar_signal,independent_radar_crosscheck_and_statistical_anomaly,AOI_level_temporal_environmental_context,verification_attempt_and_data_quality_status
VV_025_to_026_1265,VV_025_to_026,1265,90.1589609,22.4818998,5200,-0.2530194,-0.35528392,-0.20424902,0.4557927846908569,0.4584062397480011,0.5178324580192566,0.5078755617141724,0.2568676471710205,0.2548561692237854,0.45085009932518,0.4581111073493957,-0.0049426853656768,-0.2609648108482361,325,-0.5584109425544739,-0.9208344221115112,-9.066323280334473,6.525726795196533,-1.9496930837631223,0.90324729681015,47.38461538461539,23.07692307692308,9.230769230769232,2026-07-02,1.8073930848038584,18.92466027599626,25.937018327722456,,16.12448162053782,5,2026-08-31,10.381618789578503,29.070141490512185,45.39761703543667,64.67995907626292,18.58417429620198,5,2026-08-19,1.518043506933424,15.6441127857508,68.99127927886214,139.20850416637344,31.4804791104002,7,2026-09-12,5.835262578200746,13.056935698630676,32.511206868680866,131.93132861140086,42.59894201577027,9,1.2508966201717084,1.352757343556371,1.4546968332679815,0.5625,0.5625,0.5625,0.5625,0.0832010906640562,,,,,,,False,not_tested,candidate_pool_radar_signal,independent_radar_crosscheck_and_statistical_anomaly,AOI_level_temporal_environmental_context,verification_attempt_and_data_quality_status
VV_025_to_026_1298,VV_025_to_026,1298,90.1939619,22.4816384,5200,-0.23207484,-0.25902393,-0.21093947,0.2309453636407852,0.2373395562171936,0.4380620718002319,0.4378885924816131,0.2026137113571167,0.2058137059211731,0.3162107467651367,0.3182126581668854,0.0852653831243515,-0.2354483604431152,325,-0.2882331013679504,-0.6972468495368958,-3.511831998825073,5.194888591766357,-1.5805549621582031,0.7806453108787537,40.0,13.538461538461538,2.4615384615384617,2026-07-02,1.8073930848038584,18.92466027599626,25.937018327722456,,16.12448162053782,5,2026-08-31,10.381618789578503,29.070141490512185,45.39761703543667,64.67995907626292,18.58417429620198,5,2026-08-19,1.518043506933424,15.6441127857508,68.99127927886214,139.20850416637344,31.4804791104002,7,2026-09-12,5.835262578200746,13.056935698630676,32.511206868680866,131.93132861140086,42.59894201577027,9,0.8945355192083365,0.9753870834351008,1.177942578581062,0.5,0.5,0.5,0.5,0.1192034979697583,,,,,,,False,not_tested,candidate_pool_radar_signal,independent_radar_crosscheck_and_statistical_anomaly,AOI_level_temporal_environmental_context,verification_attempt_and_data_quality_status
VV_025_to_026_1354,VV_025_to_026,1354,90.1610285,22.4797227,4000,-0.25364786,-0.33541757,-0.20635347,0.3229448199272156,0.3193065524101257,0.3898769617080688,0.4167534708976745,0.1470123082399368,0.1631055772304535,0.2639423608779907,0.2516184449195862,-0.0590024590492248,-0.242864653468132,250,-2.2047460079193115,-0.8653921484947205,-13.94803237915039,8.702458381652832,-6.371325492858887,1.091111183166504,46.400000000000006,36.0,34.8,2026-07-02,1.8073930848038584,18.92466027599626,25.937018327722456,,16.12448162053782,5,2026-08-31,10.381618789578503,29.070141490512185,45.39761703543667,64.67995907626292,18.58417429620198,5,2026-08-19,1.518043506933424,15.6441127857508,68.99127927886214,139.20850416637344,31.4804791104002,7,2026-09-12,5.835262578200746,13.056935698630676,32.511206868680866,131.93132861140086,42.59894201577027,9,1.7726230932722895,2.1300844558137704,2.4894073501162466,0.875,0.875,0.8125,0.8541666666666666,0.2926262764344962,,,,,,,False,not_tested,candidate_pool_radar_signal,independent_radar_crosscheck_and_statistical_anomaly,AOI_level_temporal_environmental_context,verification_attempt_and_data_quality_status
VV_025_to_026_1422,VV_025_to_026,1422,90.1512561,22.4779075,4000,-0.23272943,-0.26223806,-0.20587641,0.2978220880031585,0.3011191487312317,0.4273522496223449,0.4344230592250824,0.1889262944459915,0.2016935795545578,0.4070358276367187,0.4171830713748932,0.1092137396335601,-0.2384259551763534,250,0.4911049902439117,0.8966140747070312,-5.559307098388672,5.617129325866699,-0.9780092239379884,2.0039401054382324,24.8,16.8,8.4,2026-07-02,1.8073930848038584,18.92466027599626,25.937018327722456,,16.12448162053782,5,2026-08-31,10.381618789578503,29.070141490512185,45.39761703543667,64.67995907626292,18.58417429620198,5,2026-08-19,1.518043506933424,15.6441127857508,68.99127927886214,139.20850416637344,31.4804791104002,7,2026-09-12,5.835262578200746,13.056935698630676,32.511206868680866,131.93132861140086,42.59894201577027,9,0.4548723500617563,0.66110710025431,0.9158822966400432,0.125,0.125,0.125,0.125,0.1885539544723615,,,,,,,False,not_tested,candidate_pool_radar_signal,independent_radar_crosscheck_and_statistical_anomaly,AOI_level_temporal_environmental_context,verification_attempt_and_data_quality_status
